timestamp,x,y,z
1692849594.115511,3.9924512,10.836705,6.049583
1692849594.215411,4.2539124,11.52154,3.8835988
1692849594.315678,3.7678988,10.667515,2.142097
1692849594.415494,3.8931396,10.559428,0.71713996
1692849594.515523,4.174137,10.716654,2.0027852
1692849594.615462,3.8805003,11.316056,2.673985
1692849594.715895,3.9396586,10.822778,3.1146214
1692849594.815429,4.1539183,10.92718,2.776387
1692849594.915451,4.052128,11.721505,3.0402803
1692849595.015463,4.401226,12.524065,3.84821
1692849595.115258,3.427114,10.460766,2.0003798
1692849595.215731,2.8371186,7.5924873,4.1197376
1692849595.315489,3.4855502,10.028152,3.9657557
1692849595.415539,3.7908676,10.324945,2.6190908
1692849595.515423,3.121875,9.960339,2.9848433
1692849595.615496,4.0617104,11.895783,3.239822
1692849595.715435,4.4914436,13.673586,6.4032593
1692849595.81531,3.803593,11.326723,2.575736
1692849595.915371,4.0350533,12.202996,3.7270927
1692849596.015876,4.2603755,12.984958,6.7112722
1692849596.115862,4.3671045,12.318465,5.6958404
1692849596.215781,4.0649137,11.71276,5.8095636
1692849596.315474,4.1235332,12.011668,4.1723123
1692849596.415444,3.2061307,10.0284195,2.6481667
1692849596.515727,3.0988677,10.138377,2.3053527
1692849596.61561,3.4049134,11.10738,2.9355884
1692849596.715624,3.1543155,10.6478195,2.6064775
1692849596.815691,3.2647655,10.332206,1.6068135
1692849596.915683,3.0640063,9.882376,2.50786
1692849597.015608,3.3802454,11.172448,2.2359939
1692849597.115416,3.200327,10.369067,1.5970945
1692849597.215364,2.8586545,9.422614,2.8607416
1692849597.315417,2.8958309,9.674004,1.970618
1692849597.415427,3.056626,10.118745,1.8998809
1692849597.51545,3.2429311,10.67566,2.11907
1692849597.615591,3.9961672,12.681835,6.4875116
1692849597.715537,4.315701,13.848472,7.3185053
1692849597.815578,3.1699038,10.738455,2.4900436
1692849597.915468,3.4623923,10.604014,3.142659
1692849598.015581,2.979935,9.759819,2.262834
1692849598.115379,3.153859,10.6128435,3.0064585
1692849598.215299,3.301542,10.528726,2.656871
1692849598.315403,3.0475519,10.11797,2.4578922
1692849598.415517,3.1801028,10.230826,2.8903513
1692849598.515501,3.178285,10.233733,2.4317513
1692849598.615422,3.2326436,10.314949,2.8145175
1692849598.715405,3.269457,10.575933,2.4892573
1692849598.815405,3.1107666,10.221583,2.5823221
1692849598.91555,3.2450738,10.383342,2.771853
1692849599.01557,3.369766,10.533824,2.5610409
1692849599.115385,3.1800783,10.042781,2.4952004
1692849599.215554,3.4072843,11.211251,3.3944058
1692849599.315482,3.3015516,10.603002,2.3161082
1692849599.41549,3.1795833,10.607193,2.6582649
1692849599.515485,3.3551824,10.562629,2.6558473
1692849599.615642,3.315099,10.370585,3.0161183
1692849599.715639,3.350639,10.4322405,2.5904732
1692849599.8154,3.227524,10.440774,2.5860708
1692849599.915888,3.208921,10.258843,2.506454
1692849600.015685,3.3176951,10.705539,2.4305649
1692849600.115665,3.183712,10.0912695,2.7631888
1692849600.215514,3.2079313,10.319963,2.6115274
1692849600.315493,3.3412578,10.614904,2.7606237
1692849600.415504,3.2329302,10.387835,2.6227953
1692849600.515351,3.2173142,10.269246,2.648853
1692849600.616661,3.2467892,10.383868,2.439912
1692849600.71545,3.2975423,10.480754,2.4929492
1692849600.815625,3.2355976,10.252153,2.6331673
1692849600.915528,3.2755663,10.441258,2.6889322
1692849601.015505,3.344897,10.662411,2.7466495
1692849601.115645,3.4142087,10.681786,2.730642
1692849601.215539,3.2408214,10.311902,2.4926093
1692849601.315598,3.3314168,10.342276,2.5995128
1692849601.41545,3.1412776,10.128361,2.6484284
1692849601.515505,3.3061082,10.512186,2.5505028
1692849601.615405,3.3965027,10.51574,2.688505
1692849601.715525,3.3730109,10.406552,2.4750407
1692849601.815461,3.214982,10.025052,2.5959225
1692849601.915368,3.3482358,10.295537,2.5661345
1692849602.015671,3.3320355,10.387127,2.4797947
1692849602.115549,3.3621776,10.388709,2.5448673
1692849602.215565,3.3484886,10.425932,2.582334
1692849602.315407,3.379672,10.444841,2.6253633
1692849602.415534,3.2378473,10.070004,2.5371873
1692849602.515421,3.2991655,10.234186,2.6636567
1692849602.615627,3.2635884,10.159936,2.610808
1692849602.715304,3.2769182,10.245137,2.4287944
1692849602.81539,3.2917762,10.290888,3.1810205
1692849602.915398,3.3874624,10.455677,2.4618661
1692849603.015629,3.3758895,10.44612,2.8913374
1692849603.115755,3.245957,10.315454,2.6977572
1692849603.215591,3.4446197,10.691149,2.7341187
1692849603.315508,3.7413762,11.493675,2.7872605
1692849603.41543,3.23013,9.912341,2.1552062
1692849603.515352,2.9976108,9.711688,2.7940114
1692849603.615505,3.3395295,10.164485,3.4955585
1692849603.715467,3.5181189,10.62792,2.828581
1692849603.815587,3.1803596,11.150982,4.1720905
1692849603.91576,3.2015088,10.382815,2.9473712
1692849604.015937,3.0866525,10.702952,2.5894747
1692849604.115604,3.1601565,10.358845,2.7053123
1692849604.216037,3.2728813,10.290453,2.3186512
1692849604.315848,3.3975906,10.901783,3.3804843
1692849604.415751,3.0919306,10.028418,3.3520143
1692849604.515845,3.290857,10.351021,3.0636826
1692849604.615887,3.2161438,10.319021,2.549667
1692849604.715611,3.232235,10.33903,2.6761491
1692849604.815922,3.4226787,10.816676,2.693347
1692849604.948048,3.116054,10.2927685,2.6821826
1692849605.083668,3.2861176,10.2887745,2.4509685
1692849605.183768,3.1703932,9.9248705,2.5713992
1692849605.283245,3.0551977,10.027249,2.916382
1692849605.383467,3.0343528,9.946019,2.3057892
1692849605.483565,2.9099824,9.66015,3.0974796
1692849605.583802,3.3530362,10.430359,3.2366889
1692849605.683527,3.3032525,10.700863,2.9436083
1692849605.783568,3.3107088,10.104295,3.268271
1692849605.883486,3.4663763,10.144176,2.780285
1692849605.983749,3.310182,10.591411,2.0211325
1692849606.083762,3.2318447,10.033627,2.246693
1692849606.183721,3.660961,11.2356205,2.803776
1692849606.283543,3.5354393,10.672017,2.725856
1692849606.383657,3.112695,10.61149,2.7572896
1692849606.479869,3.2588215,10.596385,3.361614
1692849606.579707,3.046034,9.9808655,2.2201557
1692849606.679898,3.1962535,10.228756,2.6441689
1692849606.779557,3.3312876,11.053163,4.3467984
1692849606.879852,3.4270408,11.136236,3.5900264
1692849606.979534,3.1777844,9.966245,2.6843674
1692849607.07967,3.3263857,10.441941,3.5863123
1692849607.179896,2.9292104,9.401092,2.3392115
1692849607.27977,3.022468,9.60911,2.9707017
1692849607.379818,3.4773533,11.237487,3.1218643
1692849607.479755,3.368866,10.875081,2.9166288
1692849607.579669,3.2450097,11.18465,4.5331755
1692849607.67976,3.2560408,10.099118,2.8277323
1692849607.779781,3.1892493,10.116506,2.6937072
1692849607.879412,3.1634924,10.64654,3.2954552
1692849607.979521,3.3010032,10.801045,2.9574463
1692849608.079958,3.1544502,9.69163,2.8896794
1692849608.180056,3.4539626,10.804248,2.9742012
1692849608.27945,3.4103384,10.8328495,2.9743464
1692849608.37963,3.323532,10.434709,3.0240476
1692849608.47947,3.3783598,10.726042,3.1279867
1692849608.579427,3.0595138,9.98852,3.52351
1692849608.679358,3.121285,10.441845,3.5358405
1692849608.779486,3.239135,10.298703,3.067646
1692849608.879887,3.2067149,10.248345,3.173576
1692849608.979795,3.3774006,10.549224,3.3076186
1692849609.079732,3.4810638,10.83955,2.967537
1692849609.179647,3.302004,10.455195,3.4844763
1692849609.279519,3.1451287,10.224984,3.4111705
1692849609.379322,3.2936935,10.468751,3.5907922
1692849609.479548,3.2881544,10.518134,3.5680468
1692849609.579507,3.2129774,10.14376,3.5965009
1692849609.679851,3.276094,10.3811865,3.7443023
1692849609.779416,3.1684544,10.253552,3.7126715
1692849609.879608,3.1975265,10.6068735,3.6618226
1692849609.979565,2.7524977,9.17755,4.6361976
1692849610.079564,3.0990887,10.036276,3.9607885
1692849610.183956,3.3266518,10.527649,3.8297591
1692849610.283342,3.4492059,10.7672,4.088255
1692849610.383977,3.3460133,10.635056,4.230579
1692849610.483525,3.6121678,11.5210905,4.3855066
1692849610.579368,4.0896297,12.249167,9.93889
1692849610.6795,3.2105744,9.415315,5.3921056
1692849610.779705,3.3167856,10.577141,3.683277
1692849610.879732,3.5333486,10.572312,5.440996
1692849610.979531,3.3126066,10.338234,4.615271
1692849611.07955,3.5322845,10.909886,5.779139
1692849611.17941,3.2397704,10.433682,5.367084
1692849611.27981,3.454475,10.668616,5.751975
1692849611.379624,3.9636362,12.769006,10.827511
1692849611.479419,2.5880964,8.251613,8.3774605
1692849611.579553,2.6114335,8.592055,5.3839045
1692849611.680015,3.3670883,10.659914,4.2874455
1692849611.779562,3.5095272,11.011495,4.813398
1692849611.879621,3.4017987,10.731814,4.26385
1692849611.979752,2.9871519,10.301609,5.3784103
1692849612.079912,3.0522223,9.328655,4.1728034
1692849612.179601,3.4101796,10.850266,4.219112
1692849612.279766,3.0433035,10.155927,4.6700187
1692849612.379522,3.262748,10.73872,5.402512
1692849612.479572,3.1989782,10.361738,4.1920166
1692849612.579515,2.9286695,9.959475,5.0256042
1692849612.680053,3.0983737,10.586096,5.0288386
1692849612.779828,3.5211966,11.913503,5.328113
1692849612.879746,3.421981,10.320242,4.4232473
1692849612.979497,2.8442357,9.581709,4.998803
1692849613.079538,3.4461935,11.056346,4.442127
1692849613.179405,3.5924196,11.554877,6.453651
1692849613.27946,3.3258832,10.794139,4.306952
1692849613.379472,3.3125532,10.346733,3.9065728
1692849613.479534,3.0540168,9.981887,4.07629
1692849613.579517,3.1738193,10.103874,4.1039257
1692849613.67975,3.1935697,10.014669,4.8507876
1692849613.779701,3.3068862,10.539421,4.493293
1692849613.879792,3.2089937,10.37414,4.038353
1692849613.979554,3.2216601,10.499399,4.3268647
1692849614.079551,3.609497,11.072527,4.1142116
1692849614.179478,3.0035172,9.762149,4.5796275
1692849614.279532,3.0948412,9.97129,3.518734
1692849614.379437,3.1975842,10.1165495,4.277916
1692849614.480113,3.4474003,10.584946,4.526819
1692849614.580293,3.5823076,10.561444,5.7740393
1692849614.679771,2.5106106,7.7895403,6.8876715
1692849614.779463,3.216828,10.186617,4.325822
1692849614.879577,3.4044616,10.230232,4.866907
1692849614.979591,3.0496063,9.608151,4.481613
1692849615.079489,3.4801326,10.760467,4.3145213
1692849615.179611,3.008458,9.788904,4.039327
1692849615.279903,3.2891798,10.1794,5.109275
1692849615.379468,3.2717354,10.352972,5.420522
1692849615.479361,3.150984,10.327155,4.34404
1692849615.579823,2.8911755,9.251157,4.7919984
1692849615.679819,3.1778202,9.646748,5.2302375
1692849615.779658,3.2256868,10.5239725,4.6915584
1692849615.8796,3.1174996,9.608323,4.3173323
1692849615.984419,3.3905756,9.988081,5.1156845
1692849616.084424,3.1186697,10.114349,4.2687407
1692849616.1848,3.016607,9.089889,4.1125255
1692849616.284185,3.4787223,10.078508,4.1060395
1692849616.379855,4.0056643,12.434934,4.848386
1692849616.479915,3.5787685,11.433518,4.9626565
1692849616.579838,2.9851573,9.758668,4.6660786
1692849616.680074,2.8709142,9.519042,4.883775
1692849616.779814,3.080138,9.333032,3.9783256
1692849616.880084,2.6847274,8.4110775,5.5898814
1692849616.979877,2.8286517,9.186877,4.392961
1692849617.079922,3.1250045,9.385216,4.4751315
1692849617.179897,3.4251745,9.946706,4.6194086
1692849617.280028,3.1414742,9.302286,3.0718064
1692849617.379963,2.2999575,8.409661,4.7116437
1692849617.479987,2.7842646,8.330715,3.8630319
1692849617.579892,2.670839,8.315281,4.046501
1692849617.680502,2.9993906,9.061028,4.7932563
1692849617.779875,2.726722,8.548321,4.3146534
1692849617.88008,2.8258946,8.869369,3.8714128
1692849617.980019,2.5040417,8.131032,4.697869
1692849618.080083,2.933836,9.069519,4.041729
1692849618.18011,2.2192419,7.475443,5.8594155
1692849618.279974,2.0490198,7.1265826,4.377376
1692849618.379856,2.324292,7.778607,6.1669917
1692849618.480278,2.2946382,7.044378,3.6280918
1692849618.580464,2.5356145,7.858755,3.7229514
1692849618.680238,2.3523002,7.147038,4.4434705
1692849618.78015,2.6741316,8.128258,3.9187348
1692849618.880106,2.5757458,8.007576,4.0240455
1692849618.98006,2.2561378,7.4281855,4.3126526
1692849619.079815,2.486909,7.533281,4.1518664
1692849619.180015,2.409839,7.948697,3.6363554
1692849619.279962,2.7044952,9.12766,9.704912
1692849619.37974,2.3034794,7.2474604,4.5331073
1692849619.480177,2.1896093,6.7671757,3.9636517
1692849619.579955,2.2724698,7.360139,4.770452
1692849619.680005,2.532118,7.5510435,4.3618307
1692849619.779874,1.7833662,5.637655,4.3651013
1692849619.879825,1.8545753,5.8622947,3.8769624
1692849619.979868,1.9597993,5.9497128,4.245216
1692849620.080055,1.9182967,5.571738,4.03298
1692849620.179669,1.6647173,5.1403184,4.3009453
1692849620.279869,1.9552445,5.867719,4.1964407
1692849620.379812,1.6462713,5.201992,3.9513152
1692849620.479931,1.7729136,5.2280073,3.8944364
1692849620.579832,1.6576116,5.016658,4.3037887
1692849620.679813,1.7287593,5.2677417,3.9167423
1692849620.779743,1.2717962,3.7885797,4.6168222
1692849620.880157,1.7268875,5.4346967,4.763039
1692849620.980176,1.7148871,5.0506134,4.3997297
1692849621.08034,1.5537164,4.7615476,4.438418
1692849621.180084,1.2883853,4.141944,5.5035186
1692849621.280254,1.5422792,5.164967,4.725251
1692849621.379972,1.2841828,3.6688395,5.162474
1692849621.480076,1.4959625,4.565747,5.1765447
1692849621.580161,1.5251688,4.3402004,4.862212
1692849621.680187,1.5712309,4.59543,4.298249
1692849621.779921,1.4567682,4.4192295,4.727951
1692849621.879868,1.6336048,5.2678323,4.5129504
1692849621.979153,1.3137228,4.3073735,4.0368795
1692849622.079633,1.6369969,4.587831,4.847842
1692849622.179464,1.3061315,4.4318275,5.116264
1692849622.279479,1.0518562,3.0573988,5.65075
1692849622.37968,1.0264381,2.7099133,4.094685
1692849622.479938,0.8954241,2.5023773,4.1842837
1692849622.580109,1.0409559,2.7556474,4.2391577
1692849622.679651,0.9199938,2.5247736,4.061104
1692849622.779628,0.88799274,2.290199,4.2116904
1692849622.879746,0.8490497,2.0266867,4.3189187
1692849622.979491,0.8710014,2.2190566,4.3636804
1692849623.079793,0.8398155,1.9945277,4.214003
1692849623.179544,0.8120249,1.7095068,4.1304584
1692849623.279827,0.79263335,1.9648863,4.1761518
1692849623.379518,0.76651645,1.869905,4.2938557
1692849623.479487,0.7492135,1.6458143,4.1910233
1692849623.579478,0.782396,1.7974907,4.123745
1692849623.679491,0.7889018,1.741566,4.2145953
1692849623.779628,0.75969386,1.569133,4.078796
1692849623.87945,0.7375812,1.5964497,4.209046
1692849623.979474,0.7519292,1.6324234,4.2378325
1692849624.080076,0.80863446,1.6564335,4.245267
1692849624.179692,0.803585,1.5429318,4.259929
1692849624.279781,0.6586077,1.2445718,4.1428943
1692849624.379548,0.58900714,1.2195696,4.3425164
1692849624.479445,0.77007407,1.3776141,4.167137
1692849624.579732,0.6028327,1.2365855,4.2800007
1692849624.679729,0.74152875,1.4023198,4.150881
1692849624.779512,0.6561396,1.0726111,4.351619
1692849624.879809,0.66669977,1.1830138,4.284745
1692849624.979746,0.66661334,1.0235595,4.2210693
1692849625.08055,0.61815804,1.0545689,4.154546
1692849625.179502,0.50392985,0.6634556,4.0547166
1692849625.279582,0.57934415,0.8353772,4.295479
1692849625.379457,0.53693944,0.71078473,4.2215195
1692849625.479527,0.5169741,0.658861,4.207321
1692849625.579438,0.48058337,0.4880415,4.2696357
1692849625.679754,0.520379,0.5020562,4.2013526
1692849625.779521,0.49173334,0.5809222,4.272166
1692849625.879486,0.47073877,0.43272224,4.256941
1692849625.979499,0.43965155,0.36187586,4.1659746
1692849626.079582,0.424379,0.2487973,4.297372
1692849626.179486,0.42886537,0.20086318,4.131495
1692849626.279939,0.39375946,0.19596443,4.11982
1692849626.379654,0.32533997,0.10375719,4.363256
1692849626.480097,0.37869206,0.2563006,4.2169538
1692849626.581587,0.3007713,0.047388144,4.0826335
1692849626.679913,0.29908225,0.03816387,4.849791
1692849626.779492,0.30087623,0.08476988,4.695574
1692849626.879827,0.25856802,0.09105329,4.343725
1692849626.979401,0.26071158,0.021216555,4.1887584
1692849627.079577,0.25853708,0.03015258,4.1184564
1692849627.179626,0.17741494,0.25610965,4.69002
1692849627.28008,0.09218511,-0.0073055904,4.3383164
1692849627.379532,0.1147331,0.023189215,4.6774793
1692849627.479597,0.014952747,0.12172515,4.3129563
1692849627.579751,-0.060995553,0.05224076,4.3485155
1692849627.679827,0.049663704,0.4058719,4.314225
1692849627.779619,-0.020090349,0.23074768,4.3640466
1692849627.87948,-0.17722592,0.12190618,4.2987475
1692849627.979722,-0.3496014,0.0190268,4.248614
1692849628.080035,-0.32877842,-0.081594795,4.28127
1692849628.21544,-0.31422415,0.17181504,4.5082483
1692849628.315472,-0.35809124,0.08160353,4.083684
1692849628.415453,-0.46600258,0.25261375,4.206919
1692849628.515455,-0.42648524,-0.019016402,4.4870114
1692849628.615656,-0.534161,0.003707869,4.4300637
1692849628.715264,-0.43937454,0.18173842,4.26255
1692849628.820463,-0.58385515,-0.050301813,4.5689898
1692849628.920349,-0.53592354,0.1456197,4.2036557
1692849629.020424,-0.5360284,0.18524484,4.3628983
1692849629.120378,-0.51091164,0.1873497,4.2965026
1692849629.22045,-0.49686837,0.16330047,4.1547956
1692849629.320554,-0.54878926,0.341265,4.1452794
1692849629.420477,-0.5430367,0.014514221,4.21524
1692849629.520435,-0.40053785,0.15613422,4.3804655
1692849629.620429,-0.45853868,0.085675724,4.1847577
1692849629.72028,-0.4340539,0.1232599,4.4770155
1692849629.820587,-0.42533493,0.27309906,4.2968316
1692849629.920532,-0.32591778,0.012972517,4.584321
1692849630.020095,-0.36609626,0.20741408,4.203687
1692849630.120365,-0.19131288,0.14624585,4.213394
1692849630.220294,-0.31646878,0.29476738,4.273153
1692849630.320401,-0.26421338,0.18980335,4.1605926
1692849630.420485,-0.2515421,0.2708589,4.3029346
1692849630.520525,-0.24987224,0.06486867,4.2304926
1692849630.620056,-0.20676032,0.16468264,4.2158237
1692849630.720455,-0.24239284,0.03998907,4.1788154
1692849630.816024,-0.12435517,-0.024095768,4.3569865
1692849630.915572,-0.04811507,0.19321078,4.234176
1692849631.015656,-0.1241249,-0.0015779976,4.369565
1692849631.115937,0.02312392,-0.018593566,4.0283837
1692849631.215704,0.16953284,0.2300289,4.095559
1692849631.315708,0.17524722,0.15273592,4.161133
1692849631.415736,0.100374356,0.0045579504,4.4178047
1692849631.515621,0.1941019,0.046680324,4.128065
1692849631.615631,0.3385877,0.278529,4.34745
1692849631.71562,0.38096315,0.0037469175,4.196859
1692849631.815832,0.33409733,-0.002552269,4.1543703
1692849631.915855,0.35401392,0.054653116,4.1272554
1692849632.016119,0.4414996,-0.19619,4.338432
1692849632.115607,0.55151856,0.11339711,4.3324375
1692849632.215582,0.53272283,0.18189709,4.337092
1692849632.315566,0.6256192,-0.10484815,4.2540765
1692849632.41555,0.6793709,0.19658846,4.0933533
1692849632.515627,0.6832821,0.040987983,4.5294228
1692849632.615596,0.50874686,-0.09147762,4.1497793
1692849632.715808,0.6446809,-0.051677078,4.221286
1692849632.816057,0.5420055,0.049587443,4.318227
1692849632.915558,0.58600783,0.047170922,4.19481
1692849633.015667,0.6141164,-0.040776372,4.252068
1692849633.115621,0.5441361,0.012314802,4.1138983
1692849633.215963,0.46327412,0.14169414,4.3434863
1692849633.315923,0.45085937,0.18857805,4.3809347
1692849633.416379,0.34618747,0.07436445,4.201077
1692849633.515933,0.37763396,0.17456628,4.209254
1692849633.615751,0.27472287,0.15484305,4.1042695
1692849633.71569,0.20625262,0.28507555,4.2653756
1692849633.815653,0.17096293,0.24154954,4.172654
1692849633.916204,0.14979704,0.18419464,4.2138577
1692849634.015885,0.1767099,0.25634325,4.200706
1692849634.115801,0.05738185,0.12602231,4.134225
1692849634.215638,0.034541786,0.19891213,4.250862
1692849634.315632,0.20391753,0.3184034,4.245974
1692849634.415745,0.13318025,0.18634987,4.2043767
1692849634.515612,0.06548496,0.13926214,4.09848
1692849634.615619,0.22060771,0.4170481,4.2101936
1692849634.715672,0.012726117,0.12684526,4.4902015
1692849634.815714,-0.015731607,0.037706017,4.2895746
1692849634.915627,0.045438908,-0.13620184,4.3331847
1692849635.015788,0.061602656,0.22167009,4.621032
1692849635.115841,0.060719594,0.23348598,4.827968
1692849635.216428,-0.08045231,-0.14390625,4.2743025
1692849635.315667,0.023204591,-0.09989253,4.5269313
1692849635.416019,-0.040180463,-0.12239279,4.525899
1692849635.515652,-0.1312676,-0.32713404,4.156824
1692849635.615819,-0.17039353,-0.70031875,4.1356516
1692849635.747736,-0.122539625,-0.56752366,4.1484623
1692849635.847607,-0.23225033,-0.5993535,3.93662
1692849635.947857,-0.17070338,-0.59457755,4.079405
1692849636.0479,-0.35567868,-0.79913086,4.4745646
1692849636.148114,-0.23141998,-0.8201409,4.3343863
1692849636.247704,-0.2818084,-0.81195307,4.539249
1692849636.347718,-0.29499954,-1.002235,4.107
1692849636.447751,-0.46900097,-1.3888747,3.9170702
1692849636.547794,-0.30063403,-0.6249004,4.017162
1692849636.647329,-0.37642485,-1.118874,4.2571373
1692849636.747662,-0.41806316,-1.0639662,3.9374483
1692849636.848056,-0.15824237,-0.21629448,4.335739
1692849636.947466,-0.38816962,-0.91200155,4.445019
1692849637.047534,-0.28076807,-1.0478545,4.311462
1692849637.147455,-0.3956765,-0.9098748,4.260135
1692849637.247416,-0.44923103,-0.9329557,4.216537
1692849637.347836,0.039533988,0.11564521,4.1143684
1692849637.447594,-0.1821365,-0.731505,4.1625223
1692849637.54748,-0.26717454,-1.0614603,4.341763
1692849637.647759,-0.20227149,-0.2649785,5.0494685
1692849637.747606,-0.113527715,-0.63457197,4.090663
1692849637.847452,-0.08146463,-0.28068253,4.077582
1692849637.947825,-0.028492995,-0.09499246,4.6852336
1692849638.047624,0.06243859,0.07651314,5.0142193
1692849638.147654,0.018858943,-0.035159282,4.180826
1692849638.247393,0.04665892,0.23696922,4.17261
1692849638.347556,0.049688645,0.04416264,4.2588916
1692849638.447687,0.12616229,0.3894349,4.2583814
1692849638.547489,0.11086926,0.53354156,4.268348
1692849638.647546,0.32779855,1.0333685,4.3437457
1692849638.747555,0.11540969,0.5808359,4.4640684
1692849638.84761,0.08300519,0.5668055,4.355394
1692849638.947449,0.29572788,1.1033835,4.1458626
1692849639.047325,0.28436008,0.762529,4.592754
1692849639.14742,0.26408902,0.89865994,4.1740437
1692849639.247745,0.22760098,0.93376917,4.2553425
1692849639.347512,0.37202907,0.94009364,4.508606
1692849639.447479,0.39454854,1.0449045,4.3429084
1692849639.54751,0.35283515,1.0501193,4.2208667
1692849639.647462,0.33504242,0.9042802,4.3899574
1692849639.747507,0.32608625,1.0095176,4.4184446
1692849639.847402,0.28148824,0.9523665,4.50274
1692849639.947567,0.3345185,1.0322177,4.437298
1692849640.047813,0.45983177,1.2265544,4.810843
1692849640.147615,0.28121775,0.8368466,4.4126186
1692849640.247357,0.39023036,1.0204606,4.4095592
1692849640.347655,0.28486964,0.885357,4.4225
1692849640.447649,0.2466024,0.9361351,4.3488865
1692849640.547449,0.51418227,1.173522,4.1409426
1692849640.647536,0.28822446,0.97538203,4.5304875
1692849640.747587,0.34493327,0.71027195,4.3718853
1692849640.847761,0.4355887,1.022046,4.4660053
1692849640.947716,0.37385195,1.114369,3.9842134
1692849641.047398,0.48558766,1.3150138,4.0692763
1692849641.147484,0.5003335,1.3036603,4.0597553
1692849641.247384,0.5327147,1.3395733,4.2582874
1692849641.347442,0.38204062,1.3951484,4.326022
1692849641.447356,0.5624547,1.458912,4.6167936
1692849641.547885,0.606969,1.6104676,4.1027155
1692849641.648072,0.4915981,1.7305462,4.7264924
1692849641.747745,0.65866977,1.82681,4.3632717
1692849641.847562,0.79539275,2.3517058,4.474213
1692849641.947347,0.7487273,2.2868469,4.361566
1692849642.047559,0.84011245,2.359394,4.5189285
1692849642.147421,0.8339378,2.4195044,4.1976924
1692849642.247374,0.87021744,2.5959663,4.2792315
1692849642.347514,0.8724327,2.7160757,4.361407
1692849642.447432,0.9204542,2.7092423,4.282931
1692849642.547328,0.87808985,2.8684,4.1336184
1692849642.647559,0.97048116,2.8882868,4.416966
1692849642.747561,1.0172923,3.1157815,4.136002
1692849642.848954,1.1385462,3.4240544,4.159224
1692849642.947502,1.1442454,3.4870741,4.4346995
1692849643.047407,1.2189718,3.7707722,4.313333
1692849643.147278,1.2979507,3.9579952,4.368627
1692849643.247602,1.2674758,3.9364846,4.3648987
1692849643.347613,1.3227103,4.1871996,4.2697473
1692849643.447346,1.4825915,4.437597,4.5199184
1692849643.547346,1.4344741,4.359802,4.31411
1692849643.647507,1.4475976,4.8377957,4.5070877
1692849643.747449,1.4997692,4.9775777,4.3535714
1692849643.847413,1.5084245,5.0724025,4.284365
1692849643.947885,1.4807377,5.076915,4.2560425
1692849644.047776,1.4558969,5.0289636,4.3435836
1692849644.147582,1.684086,5.887506,4.566762
1692849644.248047,1.7317753,6.031585,4.417697
1692849644.347531,1.7186693,6.0086884,4.5663943
1692849644.447369,1.8353491,6.5341325,4.4060283
1692849644.547689,1.9249783,6.6113443,4.591338
1692849644.647345,1.8355424,6.4608865,4.521223
1692849644.747934,1.957792,6.6981845,4.2108474
1692849644.847495,1.9032241,6.757334,4.199961
1692849644.947636,1.8304069,7.1200547,4.1008763
1692849645.047647,1.869996,7.081387,4.101739
1692849645.147766,2.005398,7.299472,4.1390176
1692849645.247342,1.9628077,7.505358,4.2037444
1692849645.347346,2.198911,7.6926928,4.3817554
1692849645.447556,1.9872597,7.2472234,4.199507
1692849645.547449,2.2413294,8.451957,4.0168304
1692849645.647562,2.3749492,8.601732,4.116936
1692849645.747443,2.3311212,8.32164,4.031935
1692849645.847457,2.4288414,8.789665,3.815026
1692849645.947701,2.4870372,9.179761,4.1728625
1692849646.047518,2.2299151,8.443052,5.1170335
1692849646.147395,3.008953,10.359989,6.169113
1692849646.247357,2.5755522,9.467521,4.178319
1692849646.347435,2.9415152,9.8941345,4.7470136
1692849646.447632,2.8208113,10.103686,4.504799
1692849646.54754,2.9542415,10.760303,4.919695
1692849646.647626,2.89903,10.052117,4.319493
1692849646.74767,3.0550787,10.684089,3.8095448
1692849646.847602,3.1033494,10.845748,4.1900682
1692849646.947929,3.085279,10.808076,4.1825905
1692849647.04733,3.2613251,11.531894,4.1903625
1692849647.147349,3.142859,10.940967,4.079156
1692849647.247393,3.3646677,11.299079,4.8116946
1692849647.347422,3.3598464,11.242566,4.504033
1692849647.447382,3.5549414,11.785129,4.3778124
1692849647.54748,3.6620567,12.366196,4.3283105
1692849647.647315,3.4939954,12.123012,4.092412
1692849647.747606,3.6300235,12.337439,4.386529
1692849647.847436,3.715215,12.413841,5.0826316
1692849647.947881,3.7293146,12.320523,4.0828633
1692849648.047704,3.9054828,13.2145815,4.584828
1692849648.147553,3.8805623,13.106083,4.155289
1692849648.247341,3.935285,13.17535,4.241617
1692849648.347505,4.090161,13.653451,4.52596
1692849648.447381,4.022988,13.663783,3.9483206
1692849648.547452,4.001939,13.323642,3.9035397
1692849648.648379,4.266081,14.157497,3.8669198
1692849648.747917,4.049225,13.678509,4.239134
1692849648.847609,4.112408,13.80399,4.6329007
1692849648.947523,4.2981644,14.205258,4.7571282
1692849649.047463,4.249321,14.200213,3.5729022
1692849649.14735,4.214782,14.263127,4.3434296
1692849649.247475,4.348433,14.507826,4.767604
1692849649.347599,4.450421,14.422198,5.1596646
1692849649.44732,4.334961,14.391952,4.0691304
1692849649.547433,4.455384,14.611359,5.5417976
1692849649.647752,4.414733,14.731666,4.14618
1692849649.747606,4.4628706,14.528554,4.0914865
1692849649.847471,4.499056,13.944547,6.0144815
1692849649.947524,4.398873,14.436873,4.9138246
1692849650.047785,4.556052,14.675133,5.016386
1692849650.147341,4.7246532,15.11905,5.4089823
1692849650.247403,4.6169944,14.579446,4.74725
1692849650.347411,4.6035957,14.602334,4.8785324
1692849650.447843,4.7461815,14.599486,6.743901
1692849650.547653,4.531769,14.828459,4.337136
1692849650.647514,4.4137564,14.489182,4.33333
1692849650.747396,4.412876,14.543676,3.906073
1692849650.847356,4.708993,15.024566,4.548545
1692849650.94752,4.410005,14.786317,4.702844
1692849651.047302,4.636284,15.062493,5.6052833
1692849651.147936,4.6415052,14.703175,5.0242553
1692849651.247816,4.5371895,14.569851,4.0445685
1692849651.347413,4.7215257,14.721803,4.238497
1692849651.447428,4.4574246,14.334158,4.7872415
1692849651.547369,4.646679,14.911994,4.437331
1692849651.647266,4.3248467,14.31874,4.4395633
1692849651.74743,4.7878633,14.624357,5.691077
1692849651.847343,4.466101,14.810186,4.23192
1692849651.947486,4.6639376,14.975074,3.7451289
1692849652.047699,4.428075,14.667922,4.282133
1692849652.14774,4.3380227,14.128989,4.3025947
1692849652.247922,4.520673,14.59834,4.202447
1692849652.347776,4.617532,14.689173,4.664847
1692849652.448163,4.760353,14.792261,6.2393556
1692849652.54787,4.408289,14.626823,4.2220626
1692849652.647633,4.5394654,14.57631,4.373259
1692849652.747929,4.5783606,15.218236,5.0011964
1692849652.848005,4.293031,14.223788,4.058303
1692849652.948104,4.5798707,14.892164,4.5115514
1692849653.047792,4.3886323,14.351665,5.368308
1692849653.147915,4.433647,14.326637,4.8368173
1692849653.247666,4.544277,14.688585,4.6374907
1692849653.347775,4.4983354,14.612341,4.5043035
1692849653.447977,4.5589795,14.669052,4.166889
1692849653.548037,4.4995966,14.612152,4.264374
1692849653.647847,4.67415,14.916822,5.595781
1692849653.747622,4.3538666,14.401049,4.104621
1692849653.847601,4.419497,14.687277,4.987856
1692849653.947982,4.6861825,14.792088,4.7588725
1692849654.047717,4.617255,14.572836,5.7507634
1692849654.147626,4.391108,14.532186,4.8560557
1692849654.248587,4.5079904,14.543008,5.3520155
1692849654.347631,4.3832674,14.251068,5.3681345
1692849654.447748,4.749656,15.099326,5.2995996
1692849654.547752,4.3231187,14.360235,3.9561903
1692849654.647612,4.4227867,14.430065,5.528293
1692849654.747792,4.706222,14.999043,5.0916862
1692849654.847825,4.0859923,13.079291,5.2249107
1692849654.94755,4.5179234,14.592057,5.358925
1692849655.047674,4.3566685,14.560703,5.4051533
1692849655.147834,4.662714,15.008974,5.1862516
1692849655.247774,4.37856,14.538445,5.707909
1692849655.347651,4.4867663,14.611892,5.287031
1692849655.447807,4.2980127,14.39054,5.896768
1692849655.547591,4.5373826,14.507102,5.777519
1692849655.64766,4.572839,14.498155,6.1662464
1692849655.747627,4.456456,14.880047,5.641776
1692849655.847635,4.252305,13.87316,5.2882514
1692849655.9476,4.4220138,14.116828,5.5636225
1692849656.047747,4.403416,14.686306,6.0696936
1692849656.147735,4.390808,14.576099,6.3821235
1692849656.247627,4.402646,14.303097,5.8790293
1692849656.347624,4.2662077,13.605479,6.000674
1692849656.447575,4.681452,15.013681,6.145556
1692849656.547841,4.3835015,14.314755,5.7255692
1692849656.647666,4.2896357,13.957896,6.095825
1692849656.747696,4.5237064,15.081498,6.1310916
1692849656.84789,4.4689403,14.169818,6.598152
1692849656.947659,4.472923,14.564086,7.0573397
1692849657.047617,4.4256516,14.163823,6.4305167
1692849657.147741,4.5452223,14.64533,6.4944186
1692849657.247638,4.526674,14.62831,6.649469
1692849657.347659,4.565625,14.852046,6.7714305
1692849657.447744,4.640564,14.545232,7.0551367
1692849657.547967,4.3551564,14.438159,7.396995
1692849657.648169,4.6228347,14.744302,6.96887
1692849657.747829,4.7035804,14.947222,6.691825
1692849657.847801,4.4991903,14.463131,6.3176026
1692849657.947706,4.271426,13.902546,6.715125
1692849658.04765,4.6174927,14.681139,6.875201
1692849658.14763,4.726462,15.120435,6.938667
1692849658.247659,4.526683,14.795112,7.4728928
1692849658.347876,4.5705156,14.613115,7.0011144
1692849658.448027,4.693832,14.252492,7.9801087
1692849658.547628,4.306339,14.112644,6.8540864
1692849658.647626,4.4451876,14.459266,7.455782
1692849658.747739,4.61119,14.821812,6.8018613
1692849658.847703,4.347957,14.106887,7.4846635
1692849658.94767,4.9201097,14.975372,7.585661
1692849659.047747,4.4241095,14.229623,7.2782664
1692849659.147728,4.560221,14.600993,7.538936
1692849659.247992,4.784075,15.027731,7.6030126
1692849659.347616,4.629834,14.862324,8.560359
1692849659.447594,4.5616035,14.93264,8.031323
1692849659.547752,4.633613,14.709567,8.608902
1692849659.647711,4.815212,15.658573,7.8987346
1692849659.747963,4.3464575,13.946832,7.664671
1692849659.847642,4.491167,14.686281,7.821695
1692849659.947762,4.5499215,15.000957,7.6706924
1692849660.047767,4.492559,14.649443,7.556298
1692849660.14794,4.6192203,14.929887,7.9558263
1692849660.247625,4.3170094,14.885411,9.846926
1692849660.34763,4.5021276,14.5622,7.831049
1692849660.447577,4.5394235,14.597495,8.184666
1692849660.547599,4.51578,14.759559,8.147347
1692849660.64769,4.567829,14.405383,8.433392
1692849660.747772,4.2658367,14.654328,8.12415
1692849660.847965,4.6343346,14.820041,8.673434
1692849660.947753,4.5239305,14.274218,8.525758
1692849661.047598,4.522845,14.549316,8.529315
1692849661.147733,4.4486036,14.059648,8.2641535
1692849661.247802,4.3979735,14.583845,8.111008
1692849661.347982,4.2718697,13.937735,7.8627596
1692849661.447737,4.4855843,14.42412,8.055823
1692849661.547655,3.8839576,13.129321,9.119713
1692849661.647735,4.5160284,13.963119,8.556732
1692849661.748121,4.462984,14.325576,7.950167
1692849661.847802,4.182148,14.143019,8.416545
1692849661.947764,4.5219765,14.878081,8.984865
1692849662.047637,4.3924103,14.498056,8.82366
1692849662.147829,4.417528,14.465534,9.151148
1692849662.247643,4.6102023,14.954066,9.121957
1692849662.34742,3.297318,10.418157,12.698708
1692849662.447626,4.2508554,14.116748,9.903885
1692849662.54777,3.6869648,12.759223,8.913658
1692849662.647737,4.5953884,14.431609,8.568136
1692849662.749256,4.601677,14.707438,9.6631775
1692849662.847416,4.868055,14.61364,9.329584
1692849662.947509,4.883513,15.557865,9.303701
1692849663.047439,5.079753,15.66228,9.025836
1692849663.147659,5.247589,16.509398,9.791383
1692849663.279917,4.592371,14.630941,8.903718
1692849663.379481,4.3570867,14.530229,8.557912
1692849663.479465,4.474025,13.89707,9.1895075
1692849663.579512,4.8587055,15.24299,8.841239
1692849663.679492,4.936054,15.147162,8.50035
1692849663.779476,4.5557685,14.251622,9.031634
1692849663.879557,4.6412897,14.535026,8.712518
1692849663.979806,4.471314,14.35187,9.100128
1692849664.079986,4.3701115,13.806785,9.621927
1692849664.179667,4.4026537,13.590068,8.68192
1692849664.279911,4.656339,13.937244,9.485383
1692849664.37969,4.7378383,14.737765,8.463555
1692849664.480548,5.0638976,14.284158,8.767239
1692849664.579484,5.03652,15.521336,8.919015
1692849664.679595,4.5359035,13.575115,11.47513
1692849664.78419,4.626978,14.943807,9.214626
1692849664.879854,4.821208,15.443385,8.788199
1692849664.979595,4.4903784,14.273255,9.2202
1692849665.079794,4.7057157,14.300049,8.264264
1692849665.179656,4.4088297,13.893809,9.650079
1692849665.279821,4.3986106,13.149099,10.195384
1692849665.379554,4.7003517,14.1315365,8.699516
1692849665.479429,4.369921,13.982516,9.5286045
1692849665.579803,4.858512,15.352306,9.123192
1692849665.679879,4.5987244,14.298341,8.854905
1692849665.779545,4.243984,13.478751,8.379386
1692849665.879596,4.7655935,15.43831,9.78174
1692849665.979525,4.6671596,14.302003,8.211173
1692849666.07981,3.6019187,12.496921,6.8210487
1692849666.179524,4.997709,15.634645,9.21271
1692849666.279522,4.329781,13.529864,9.215953
1692849666.379487,4.4776535,14.467535,10.051181
1692849666.479822,4.112228,12.450724,8.942973
1692849666.579479,4.1101375,12.957303,8.610466
1692849666.679537,4.4357905,13.763453,8.84158
1692849666.779512,4.3659606,13.203232,8.506271
1692849666.879423,4.4349914,13.227378,9.217104
1692849666.97954,3.7700768,11.647646,9.793613
1692849667.079412,4.203478,12.805704,8.882645
1692849667.179696,4.0652575,12.7557745,8.597852
1692849667.279988,3.9416578,12.568053,10.099238
1692849667.379587,4.096082,12.659024,9.729543
1692849667.479493,4.0345197,12.592654,8.762942
1692849667.579525,4.2207174,12.431641,9.123759
1692849667.679417,4.3754644,13.771387,9.062879
1692849667.77938,4.276568,13.499505,8.856245
1692849667.879323,4.7197943,14.474753,8.634587
1692849667.979483,3.988178,11.546075,9.2099085
1692849668.079802,3.767626,11.478102,9.101668
1692849668.179507,3.9628675,11.970809,9.819305
1692849668.27944,3.9822571,12.772189,8.958827
1692849668.379355,3.5045798,10.585639,9.196664
1692849668.479419,3.4252777,10.384688,9.251315
1692849668.57938,3.4241562,10.558357,8.848119
1692849668.679305,3.2868211,10.376506,9.052905
1692849668.779819,3.1253676,10.046462,9.200935
1692849668.879851,3.1918964,10.183257,9.127611
1692849668.979628,3.511627,10.419349,9.308326
1692849669.079407,3.2409284,10.66307,9.079862
1692849669.179355,3.1527693,9.560465,9.6216955
1692849669.279459,3.1003153,9.430762,9.075081
1692849669.379408,3.0686371,9.440273,9.539071
1692849669.47952,2.9373934,9.239864,9.230438
1692849669.579349,2.6286056,8.571743,8.251807
1692849669.679853,2.9732974,9.251029,8.95904
1692849669.779669,2.774593,8.773995,9.194113
1692849669.879773,2.5713184,7.860306,8.799987
1692849669.979704,2.6979358,8.401394,9.269724
1692849670.079462,2.6081684,7.9662824,9.2008915
1692849670.179395,2.4590957,8.077289,9.487558
1692849670.27963,2.5636473,7.7763886,9.577108
1692849670.37934,2.3255117,6.9878583,9.318316
1692849670.479477,2.1116612,6.984351,8.813444
1692849670.579424,3.0526643,9.092896,8.649272
1692849670.679699,2.3070557,7.063976,9.625293
1692849670.779931,2.1809893,6.6516633,9.619489
1692849670.8801,2.2963016,7.1943345,8.739675
1692849670.980077,2.0696468,6.369522,9.238924
1692849671.079859,2.033159,6.664733,9.193361
1692849671.179923,2.4795418,7.290391,8.775819
1692849671.279749,2.2461913,6.656357,9.207905
1692849671.379889,2.227472,6.823691,9.633305
1692849671.479725,1.9378674,5.7495694,10.137597
1692849671.580173,1.8975936,5.6999493,9.234243
1692849671.6805,1.8449551,5.47425,9.702715
1692849671.780092,1.7579505,5.465998,8.995607
1692849671.879813,1.7957363,5.194071,8.721674
1692849671.979999,1.6242241,5.1151795,9.232678
1692849672.08007,1.873169,5.4897947,9.840898
1692849672.179691,1.5937319,4.651701,9.209542
1692849672.279798,1.723943,5.3064256,8.520626
1692849672.379783,1.7132908,4.884856,9.402207
1692849672.48,1.520637,4.580413,9.572066
1692849672.579926,1.148016,3.6455297,8.948346
1692849672.679653,1.3028193,4.076444,9.104127
1692849672.779677,1.2811236,3.9826214,9.222754
1692849672.880017,1.307313,3.9800072,9.397834
1692849672.979716,1.2544723,3.9340558,9.095805
1692849673.079885,1.1770655,3.7311509,8.964325
1692849673.179684,1.1687174,3.6078525,8.93941
1692849673.27966,1.0443468,3.7326157,9.251221
1692849673.380135,1.1653514,3.7774496,9.332093
1692849673.479684,1.0503345,3.5879266,9.130629
1692849673.579798,0.8807795,3.0047593,9.118007
1692849673.679871,0.95343184,3.3748596,9.116928
1692849673.779799,0.8304264,2.9835923,8.929987
1692849673.879865,0.9035762,3.1529357,9.010307
1692849673.979769,0.7949977,3.0986311,9.324178
1692849674.084125,0.6761067,2.650471,9.152086
1692849674.18447,0.66168815,2.8281476,9.29462
1692849674.279655,0.63687897,2.6989515,8.910637
1692849674.380046,0.59212244,2.563078,9.358788
1692849674.480245,0.45387918,2.4139328,9.496777
1692849674.579977,0.49933162,2.4767756,9.063813
1692849674.679944,0.55859303,2.4289978,8.785656
1692849674.779095,0.26072028,1.8446208,9.249882
1692849674.879489,0.3230646,1.9688213,9.18731
1692849674.979423,0.4560033,2.1908708,9.036255
1692849675.079417,0.3229108,2.1680174,8.952237
1692849675.179557,0.15457426,1.7713526,9.290172
1692849675.27982,0.27236643,1.7893553,9.294628
1692849675.415561,0.1673772,1.3836743,9.08449
1692849675.515569,0.15352678,1.359274,9.197088
1692849675.615604,0.09150866,1.6184279,9.160525
1692849675.715095,0.06579018,1.4645804,9.173641
1692849675.815332,0.03649399,1.0513045,9.29769
1692849675.915397,0.10545121,1.3739771,9.04421
1692849676.015711,-0.009432133,1.286607,9.096774
1692849676.115428,-0.030693162,1.1852585,8.883477
1692849676.215263,-0.112973675,1.0563962,9.333137
1692849676.315218,-0.119964406,1.1783366,9.042514
1692849676.415433,-0.15852404,1.0396191,9.10909
1692849676.515353,-0.18930216,1.0923227,8.98836
1692849676.615267,-0.19747089,1.0765868,9.104859
1692849676.715259,-0.31386003,0.74306124,9.023044
1692849676.815567,-0.18653452,0.9631568,9.026269
1692849676.915488,-0.20601076,0.7825567,9.072481
1692849677.015355,-0.32797933,0.8343138,9.489828
1692849677.115481,-0.4048088,0.36082378,9.192404
1692849677.215711,-0.21116243,0.7759664,9.081576
1692849677.315515,-0.20641012,0.8930169,9.60514
1692849677.41546,-0.39836556,0.6431635,9.365704
1692849677.515733,-0.31938705,0.37972078,9.319895
1692849677.616074,-0.3188129,0.45827523,9.448859
1692849677.715633,-0.31100556,0.44449806,8.809723
1692849677.815455,-0.033064123,0.95649654,9.095871
1692849677.915399,-0.33398905,0.50584847,9.176558
1692849678.01571,-0.27060091,0.22994922,9.525297
1692849678.115474,-0.2122049,0.6334505,9.235288
1692849678.215433,-0.06974256,0.5258196,9.776745
1692849678.315142,0.051887076,0.29291588,9.624587
1692849678.415662,0.04234143,0.22402598,8.808539
1692849678.51543,0.079887435,0.40952113,9.045346
1692849678.615316,0.1062545,0.23682626,8.53958
1692849678.715431,0.16786614,0.32507235,9.367502
1692849678.815367,0.27196586,0.22518326,9.208119
1692849678.915447,0.27449507,0.12947914,9.286724
1692849679.015488,0.3872427,0.35154876,8.416732
1692849679.115534,0.4437336,0.041423127,10.055476
1692849679.21587,0.53280896,0.041128278,9.01493
1692849679.315406,0.475478,0.08749832,8.855594
1692849679.415627,0.53939646,0.106327906,9.013997
1692849679.515492,0.58034885,0.009721352,9.592864
1692849679.615475,0.46488732,-0.2885073,9.5254345
1692849679.715225,0.75197846,-0.114617124,9.887805
1692849679.81554,0.661685,0.21437593,8.643402
1692849679.915349,0.40479776,-0.16535491,9.193526
1692849680.016041,0.63199615,-0.046486467,9.237775
1692849680.115333,0.6656171,-0.16037959,9.485974
1692849680.215597,0.46696696,-0.22318573,8.538688
1692849680.315431,0.4656332,0.110252246,8.948704
1692849680.415396,0.57161987,-0.18439859,9.314167
1692849680.51528,0.46588615,-0.166893,9.492709
1692849680.615529,0.47741434,0.1140386,9.237255
1692849680.715509,0.3110875,-0.12635817,8.908286
1692849680.81583,0.25032863,-0.06935251,9.3777685
1692849680.915475,0.37198246,0.36695635,9.142597
1692849681.015409,0.27288568,-0.16521381,9.693086
1692849681.115346,0.23806107,0.109542236,9.174497
1692849681.215505,0.12599474,0.06822167,9.315981
1692849681.315935,-0.090986356,-0.023388999,9.6723385
1692849681.415495,-0.14608161,-0.23585622,9.338446
1692849681.515306,0.25797492,0.79897034,10.672563
1692849681.615497,-0.1196789,0.25117365,8.695174
1692849681.715316,-0.21189722,-0.084637225,8.944443
1692849681.815416,-0.5225379,-0.015909048,9.527187
1692849681.915339,-0.38303638,0.25640988,9.583474
1692849682.015643,-0.5460134,0.2343294,8.943798
1692849682.115264,-0.78101426,0.05249156,9.470018
1692849682.215427,-0.5096798,0.31792656,9.112819
1692849682.315365,-0.84133625,0.40020433,8.600529
1692849682.416264,-0.81491655,0.49654484,10.11373
1692849682.515577,-0.8151362,0.55419236,9.132569
1692849682.615612,-0.94441056,0.41818717,9.202705
1692849682.71537,-1.0045885,-0.114235386,9.381402
1692849682.815483,-1.2405038,0.30813715,8.863466
1692849682.915303,-1.1268675,0.2677307,8.898259
1692849683.015286,-1.0664458,0.6166123,8.992786
1692849683.115473,-1.1076791,0.47150135,8.640882
1692849683.216133,-1.1634169,0.57896805,8.484363
1692849683.315454,-1.1111088,0.39631116,8.857244
1692849683.415501,-1.1211268,0.38349196,9.884149
1692849683.515475,-1.1559247,-0.18106546,9.49412
1692849683.615556,-0.8856143,0.024905799,9.434884
1692849683.715501,-0.94264555,0.18981089,8.875986
1692849683.815505,-0.8860873,0.029906882,8.595497
1692849683.91552,-0.63389975,0.15112576,8.836286
1692849684.015583,-0.6263459,0.08878474,8.364065
1692849684.115558,-0.6109342,0.2040068,8.727898
1692849684.215453,-0.47777256,-0.11596008,9.849708
1692849684.315534,-0.37012458,-0.0122439135,9.281966
1692849684.415482,-0.19188541,0.10484132,8.925854
1692849684.515445,-0.19681126,-0.2265733,10.038241
1692849684.615422,0.021553267,0.040394858,9.169267
1692849684.715383,-0.092051,-0.37360784,9.15491
1692849684.815892,0.047362622,0.016464842,9.63303
1692849684.915568,0.0051923357,-0.20337941,8.8949795
1692849685.015592,0.1581498,-0.43507656,9.177142
1692849685.11537,0.1319007,-0.20319633,9.509206
1692849685.215608,0.11829248,0.05063905,7.578342
1692849685.315532,0.23469591,-0.2667639,9.096801
1692849685.415579,0.19263256,-0.62911844,10.116542
1692849685.515534,0.20951319,-0.20553836,10.142592
1692849685.615578,0.07778156,-0.45109645,8.888104
1692849685.715556,0.10469782,-0.24903359,9.555134
1692849685.815606,0.18329781,-0.7225309,9.800852
1692849685.915451,0.033222232,-0.35584718,9.095269
1692849686.015796,0.024843574,-1.0289066,9.234812
1692849686.115544,-0.0069328956,-0.75045615,8.953335
1692849686.215718,0.005868938,-0.5844405,9.062599
1692849686.315403,-0.13247393,-1.4308742,8.991339
1692849686.415647,-0.18463689,-1.3578871,9.254585
1692849686.515555,-0.16689692,-1.1191283,9.227321
1692849686.615436,0.077676326,-0.98349375,9.048168
1692849686.715248,-0.18229267,-1.0522294,8.860931
1692849686.815745,-0.43633157,-2.1954389,9.358913
1692849686.91561,-0.2792011,-1.8433346,9.455836
1692849687.015595,-0.28688976,-1.8378041,8.935491
1692849687.115567,-0.09046927,-1.246571,8.8070545
1692849687.215565,-0.2602751,-1.6677881,9.159215
1692849687.315501,-0.23390853,-1.4926636,8.706049
1692849687.415586,-0.48524618,-2.186182,9.032111
1692849687.515421,-0.39645115,-1.8258767,8.977968
1692849687.615539,-0.28783497,-1.4304482,9.349642
1692849687.71542,-0.20683399,-1.2470337,9.751133
1692849687.815525,-0.47533697,-2.0275252,8.736266
1692849687.915617,-0.40824267,-1.371364,9.054872
1692849688.016163,-0.5909655,-2.1700068,9.114109
1692849688.115574,-0.43466395,-1.801357,9.17712
1692849688.215516,-0.46853605,-1.9716579,9.453945
1692849688.316067,-0.4653599,-1.5868552,9.740259
1692849688.415722,-0.4173016,-1.481965,9.5476055
1692849688.516639,-0.50733244,-1.7755932,9.3885765
1692849688.615614,-0.60247487,-1.7930776,9.236276
1692849688.715705,-0.5050872,-1.4878254,9.52824
1692849688.816124,-0.38968867,-1.1686267,9.09875
1692849688.915545,-0.41301557,-0.7909507,8.934132
1692849689.015521,-0.37325305,-1.009483,9.199623
1692849689.115546,-0.1727534,-0.19788958,8.7693615
1692849689.215575,-0.2106056,-0.55015373,9.399821
1692849689.315537,-0.5192954,-0.92479974,9.401612
1692849689.41583,-0.31058928,-0.5305976,9.473709
1692849689.5155,-0.32907838,-0.52100325,9.220543
1692849689.615879,-0.2783853,-0.64207643,9.100244
1692849689.715753,-0.10153024,-0.09513304,9.125677
1692849689.815575,-0.047772083,0.021944387,9.071105
1692849689.915757,-0.08054125,0.18185273,9.112258
1692849690.015582,0.03792424,0.081343666,9.410804
1692849690.115528,0.009364758,-0.0269385,9.566588
1692849690.215523,0.12041642,0.4233357,8.98907
1692849690.315544,0.06246798,0.52337635,9.033931
1692849690.416104,0.17981777,0.4501489,9.19674
1692849690.515542,0.35512006,0.9494279,9.065513
1692849690.61553,0.14640263,0.6494099,8.737441
1692849690.715595,0.26753986,0.7564737,9.00714
1692849690.81598,0.22516468,0.40581012,9.083408
1692849690.915515,0.3035789,0.550147,8.814312
1692849691.015686,0.3339019,0.744991,9.089243
1692849691.115946,0.33310217,0.79408777,9.278577
1692849691.21559,0.5260191,1.0625118,9.62229
1692849691.315538,0.51378906,1.3333325,9.090801
1692849691.41576,0.49635828,1.3059623,8.944885
1692849691.515489,0.35793853,0.8222824,8.730208
1692849691.616325,0.5654216,1.1929841,9.116891
1692849691.715559,0.5108555,1.1971929,9.255675
1692849691.815619,0.4983853,0.968977,9.228988
1692849691.915525,0.4530665,1.0310153,9.5686455
1692849692.016347,0.62008154,1.4636178,9.3453865
1692849692.115581,0.63395065,1.2308713,8.906411
1692849692.215618,0.78210914,1.9487511,8.920079
1692849692.315365,0.5954911,1.3250052,9.082191
1692849692.415503,0.64038324,1.5774674,9.383524
1692849692.515468,0.66278034,1.5675893,8.972054
1692849692.615503,0.66421795,1.6078483,8.938519
1692849692.71532,0.8208798,1.9811522,9.078985
1692849692.815877,0.8563461,2.203846,9.001208
1692849692.915322,0.70244277,1.5804181,9.171815
1692849693.015468,0.7623801,1.8943477,9.185637
1692849693.115322,0.950634,2.6351097,9.22197
1692849693.21535,0.7963925,1.8242648,9.40139
1692849693.315353,0.8418653,2.0745459,8.494178
1692849693.415389,1.0475407,2.4333568,8.801725
1692849693.51554,1.1129427,3.0355287,8.745521
1692849693.615752,1.0114818,2.4477541,9.299883
1692849693.715682,1.0838163,2.549403,8.948813
1692849693.815464,1.1006656,2.5380695,8.926347
1692849693.915693,1.0857242,2.5260818,8.766851
1692849694.015594,1.3834951,3.3900135,8.742619
1692849694.115297,1.3598926,3.19707,8.848436
1692849694.215281,1.1289594,2.5852056,9.034795
1692849694.315383,1.16538,2.7057495,9.126548
1692849694.415664,1.4743751,3.8012104,10.066833
1692849694.515418,1.3881607,3.4755383,9.41901
1692849694.615329,1.2985462,3.218979,9.317239
1692849694.715388,1.3359997,3.309984,9.053658
1692849694.81542,1.3224521,3.2853904,8.904472
1692849694.91548,1.3933561,3.4397066,9.0988
1692849695.015319,1.4266132,3.452032,8.914913
1692849695.115341,1.4942935,3.6535783,8.986691
1692849695.216108,1.5147073,3.9049869,9.368053
1692849695.315463,1.4826124,3.5952418,9.200196
1692849695.415396,1.4869677,3.6996229,8.69342
1692849695.515324,1.5550895,3.8087306,9.350292
1692849695.615602,1.5254865,3.9110901,8.92814
1692849695.715281,1.4817176,3.7720375,8.700756
1692849695.815692,1.5736697,3.905945,8.800974
1692849695.915384,1.6847028,4.29645,8.287796
1692849696.015346,1.8397563,4.7320495,9.031784
1692849696.11534,1.7329085,4.416024,9.688445
1692849696.215537,1.6226523,3.8385897,8.883044
1692849696.315381,1.8861014,4.6696177,9.167974
1692849696.415542,1.8471075,4.9354186,9.006245
1692849696.515344,1.7229013,4.2492447,8.476115
1692849696.615435,1.7680575,4.5436535,8.887362
1692849696.715028,1.8953934,4.9942713,9.000401
1692849696.815797,1.8001416,4.3453007,9.39974
1692849696.91583,1.9058399,4.9625096,8.72928
1692849697.01543,1.9872782,5.040205,8.628522
1692849697.115419,1.8873513,4.81179,9.241618
1692849697.215813,2.335801,6.892557,8.539083
1692849697.315463,1.9907843,5.2957244,9.100221
1692849697.415532,2.3860261,6.3094077,9.08522
1692849697.518573,1.7243601,4.709739,9.032436
1692849697.615672,1.9669297,5.155285,8.898958
1692849697.715112,2.1022322,5.695629,9.35307
1692849697.815396,2.1601048,5.9069934,8.722561
1692849697.915293,2.4165788,6.943632,9.158317
1692849698.015428,2.024317,5.3762236,9.039119
1692849698.115533,1.9450386,5.3544865,8.796449
1692849698.215424,2.4999645,6.4954743,8.704186
1692849698.315493,2.3181107,6.323551,9.244825
1692849698.415504,2.3395712,6.3287983,8.9435215
1692849698.515553,2.24709,6.014438,9.538548
1692849698.615378,2.1791348,6.0513973,9.094381
1692849698.715607,2.2224927,6.217085,8.971198
1692849698.815526,2.137844,5.9715405,9.274359
1692849698.915711,2.358855,6.639857,8.17921
1692849699.015562,2.3378496,6.7258215,8.406508
1692849699.11536,2.1405618,6.115696,8.364698
1692849699.215836,2.2479894,6.1693826,9.36582
1692849699.315316,2.3421233,6.4298916,8.7002325
1692849699.415469,2.385518,6.9148836,9.076544
1692849699.515341,2.296598,6.1201015,8.575048
1692849699.61537,2.4830673,7.0933785,9.0385475
1692849699.71544,2.3149164,6.600145,8.504051
1692849699.815456,2.4164546,6.914126,8.837813
1692849699.915921,2.605382,7.4719315,9.288725
1692849700.015691,2.4622495,7.2883897,8.365049
1692849700.119817,2.4034784,6.5898333,10.447496
1692849700.21933,2.9074395,7.7302356,9.527253
1692849700.319799,2.5128257,7.0071034,8.994182
1692849700.419276,2.421539,6.8474126,9.094357
1692849700.519645,2.6722848,7.4884586,8.637428
1692849700.619247,2.6821127,7.4272313,9.346685
1692849700.71987,2.5999157,7.353181,9.175187
1692849700.819366,2.5546374,7.3985205,8.706295
1692849700.919827,2.698095,7.6178083,9.16206
1692849701.01982,2.825583,8.225089,8.953481
1692849701.119782,2.7343247,7.667387,8.891075
1692849701.219174,2.4584763,7.1403446,8.610448
1692849701.319836,2.6638606,7.7876124,8.6054325
1692849701.419852,2.7181358,8.048899,8.680291
1692849701.519706,2.7346244,8.082208,9.826118
1692849701.615505,2.7370584,8.111388,8.991
1692849701.71555,2.7372305,7.807441,9.021546
1692849701.815417,2.9225285,8.610422,8.985607
1692849701.915322,2.7815366,8.615396,8.510493
1692849702.015455,2.705846,7.945939,9.105641
1692849702.115483,2.6167123,7.456142,8.6975975
1692849702.215198,2.8858528,8.414204,9.321074
1692849702.315269,2.9155622,8.313907,8.89486
1692849702.415556,2.715242,8.463899,8.958064
1692849702.515612,3.0379488,9.06321,8.6536455
1692849702.615782,3.013332,8.871655,8.604458
1692849702.715232,2.91986,8.620324,9.0666275
1692849702.81552,3.3265493,9.608039,8.700142
1692849702.915425,3.0763602,9.561685,8.722368
1692849703.015327,2.8035889,8.440287,9.22038
1692849703.115337,3.0005767,8.8970585,9.229579
1692849703.215567,3.0065846,9.090742,8.699158
1692849703.315541,2.774702,7.870522,9.066208
1692849703.415545,2.9496582,8.8294115,8.139778
1692849703.515259,3.0002704,9.0737295,8.952686
1692849703.615495,2.8527334,8.841209,8.512702
1692849703.715338,2.9939964,9.119271,9.013111
1692849703.815411,2.7233534,8.133294,6.830926
1692849703.915449,3.0214305,9.098993,8.5066185
1692849704.015882,2.8676188,9.03103,8.754193
1692849704.115631,3.2458751,9.488207,8.637466
1692849704.215471,2.720442,8.161567,9.535232
1692849704.315455,3.128926,9.257008,9.058289
1692849704.415499,2.881644,8.886648,9.252422
1692849704.54769,2.978947,8.908325,9.375244
1692849704.647729,3.20709,9.808377,9.81394
1692849704.747447,3.309645,10.257225,9.878809
1692849704.847626,3.0184934,9.764296,9.509246
1692849704.947534,3.3971336,10.156348,6.846868
1692849705.047468,4.358695,13.773204,7.671975
1692849705.147385,3.2254431,9.969608,9.690993
1692849705.247353,3.3063724,9.574439,9.637268
1692849705.347413,3.376023,10.181615,9.178231
1692849705.447528,3.100504,9.461103,9.195164
1692849705.547463,3.175857,9.850571,9.0749
1692849705.647699,3.0794396,9.084467,9.139649
1692849705.748331,3.303415,10.185203,8.781218
1692849705.847518,3.5082242,10.411133,9.259402
1692849705.947458,3.2484586,9.827575,9.463863
1692849706.047409,2.9961343,9.295121,9.311984
1692849706.147376,3.2971704,10.641638,8.973023
1692849706.247325,3.3727024,10.608776,8.843845
1692849706.347403,2.89841,9.116585,9.175125
1692849706.447733,3.1692178,9.774529,8.423449
1692849706.547375,3.178365,9.484608,8.300589
1692849706.647651,3.229534,9.724564,8.855598
1692849706.747523,3.1449459,9.989343,8.995545
1692849706.847408,3.5207205,10.831041,8.380564
1692849706.94772,3.2926207,10.320765,8.906649
1692849707.047479,3.1772144,10.162225,8.54023
1692849707.147483,3.257195,10.3704405,10.05999
1692849707.247631,3.3788586,10.39185,9.41361
1692849707.34757,3.2633255,9.971378,9.4191475
1692849707.447452,3.1509788,9.200644,8.712106
1692849707.547532,3.0696857,9.513157,9.8149605
1692849707.647467,3.290267,10.228354,8.848779
1692849707.747438,3.4068973,10.11348,9.240378
1692849707.847343,3.044383,9.926306,9.280117
1692849707.947481,3.2684085,10.045013,8.917402
1692849708.047686,3.6879473,11.568275,8.324331
1692849708.147616,3.1538203,9.958218,9.005674
1692849708.247542,3.19878,9.414562,9.69854
1692849708.347632,3.0776894,9.648762,8.996058
1692849708.4474,3.315161,10.33825,8.781188
1692849708.547525,3.3397303,10.398383,9.747036
1692849708.647513,3.5589032,10.518943,9.44163
1692849708.747718,4.4863195,13.5804405,10.897138
1692849708.84781,3.4443598,10.516651,9.020741
1692849708.947616,3.1221192,9.937433,9.191157
1692849709.047534,3.614252,11.523168,9.806792
1692849709.147511,3.3432257,10.626703,9.234479
1692849709.247525,4.088839,12.59476,9.567893
1692849709.347651,3.357838,10.895569,9.544425
1692849709.447433,2.921084,10.224359,9.418631
1692849709.547488,3.6052396,11.198955,10.275445
1692849709.647544,3.0437634,9.93515,10.29365
1692849709.747563,3.2260575,10.22702,8.790034
1692849709.847488,3.305746,10.781919,8.998708
1692849709.947464,4.1259584,13.109698,9.715867
1692849710.047477,4.51724,14.183127,10.181396
1692849710.147764,4.3826227,14.331508,13.799171
1692849710.247272,4.694535,14.557349,9.664771
1692849710.347821,4.623214,15.222418,17.561348
1692849710.447711,3.7294624,11.255231,10.680641
1692849710.547494,3.4023726,9.5629,10.106832
1692849710.647558,3.8837173,12.144623,8.717002
1692849710.747506,4.376938,13.31972,8.716529
1692849710.84756,4.1436467,12.606942,7.893757
1692849710.947338,3.7342136,11.695473,9.279676
1692849711.047765,3.7042778,12.497718,10.161365
1692849711.147492,3.2622828,11.382391,9.073477
1692849711.247929,3.879791,12.761719,9.170484
1692849711.347523,3.6281385,12.497824,9.4505205
1692849711.447479,4.2562075,14.000487,9.097879
1692849711.547518,4.35818,13.520488,8.34687
1692849711.647425,4.335292,14.030754,8.985885
1692849711.747927,4.2914248,13.476705,9.232222
1692849711.84785,4.052508,13.366535,8.220276
1692849711.947446,4.320004,13.558297,8.691124
1692849712.047657,5.0227857,15.269754,7.5777392
1692849712.147511,4.3827925,14.24314,9.064987
1692849712.247331,4.699107,14.902538,8.996698
1692849712.34745,4.863243,14.217793,8.807693
1692849712.447498,4.9516654,15.951613,8.06598
1692849712.547402,4.230615,13.479608,9.196358
1692849712.647323,4.93493,14.557689,11.8175
1692849712.747499,4.9569974,15.208161,9.085832
1692849712.847667,4.2263083,12.546962,9.468236
1692849712.947675,5.223296,15.954947,8.333407
1692849713.047553,4.5824237,15.109602,8.649303
1692849713.147442,4.5625086,14.123903,7.9450636
1692849713.247481,5.209587,16.01062,8.308828
1692849713.347363,5.004023,14.750442,8.701647
1692849713.447718,5.6464195,16.845594,8.972983
1692849713.54841,4.31431,14.332461,8.818332
1692849713.647779,4.9695244,16.074575,8.8251705
1692849713.747452,4.9782267,16.234282,8.540842
1692849713.847308,5.2128925,15.650498,8.8166065
1692849713.947267,5.304235,15.9128275,8.9623165
1692849714.047414,5.3270698,15.745083,9.434151
1692849714.147749,5.0207605,15.728515,9.918376
1692849714.24746,5.0005927,14.726739,11.416332
1692849714.347435,5.151748,16.463133,10.439363
1692849714.447686,5.492996,16.197704,8.9405365
1692849714.547478,5.8337135,19.008316,12.741426
1692849714.64745,4.417305,13.631412,9.058367
1692849714.747535,5.1811247,16.248041,10.398603
1692849714.84733,5.147576,15.586217,10.133538
1692849714.947482,5.5768805,17.51667,10.929724
1692849715.047321,5.3845778,16.286093,7.004899
1692849715.147325,4.0596595,13.18728,8.5447035
1692849715.247683,5.215947,17.415283,8.693258
1692849715.347767,5.762759,17.77075,9.542156
1692849715.447339,5.027941,15.638604,9.058036
1692849715.547462,4.749993,14.537098,7.006576
1692849715.647259,4.9458303,15.782692,8.659077
1692849715.747497,5.6248436,17.961273,8.991044
1692849715.847342,5.2886343,15.810072,8.964032
1692849715.948163,5.6027865,16.682997,9.267953
1692849716.047649,4.9592085,14.910459,13.92392
1692849716.147472,5.598909,17.280123,9.970099
1692849716.247764,5.690652,17.493635,9.796007
1692849716.347899,5.6656313,17.577589,10.080205
1692849716.447893,5.6417575,17.590555,8.472453
1692849716.548279,4.801761,14.86724,8.007847
1692849716.647952,5.5654254,17.984362,10.187939
1692849716.747785,5.540798,18.02525,11.011349
1692849716.847951,5.3021545,15.949998,8.365518
1692849716.947852,5.9040446,19.175959,11.555693
1692849717.047682,5.8914247,18.819384,10.916162
1692849717.147992,5.575102,17.515402,11.976837
1692849717.247995,5.694794,17.588394,9.635269
1692849717.347809,4.8191023,14.694247,7.0637507
1692849717.448199,5.5644584,16.471664,8.974129
1692849717.548119,5.3436413,16.926086,10.114247
1692849717.647995,5.614015,17.048037,11.162124
1692849717.747828,5.204821,15.948467,8.864115
1692849717.84772,5.755483,17.842102,10.365543
1692849717.947864,5.7981787,18.122952,9.997099
1692849718.047802,5.678032,17.855515,9.631195
1692849718.14777,5.5921764,17.11823,8.37594
1692849718.247942,5.6677613,16.82027,9.938808
1692849718.347771,5.607738,17.316648,9.56751
1692849718.448342,5.080261,16.237335,9.971922
1692849718.547748,5.0902233,16.61057,10.722017
1692849718.647674,5.8198977,18.443892,10.38247
1692849718.747635,5.037389,16.394058,8.971124
1692849718.84768,5.1922836,16.786411,9.711007
1692849718.947821,5.8348804,18.630545,11.545379
1692849719.04781,4.9118757,15.476327,11.862054
1692849719.147721,4.6081743,13.899113,10.936558
1692849719.248143,4.91663,15.48484,9.907217
1692849719.347937,5.7211714,18.497746,10.948593
1692849719.44765,4.8224015,15.72789,9.461714
1692849719.547785,5.1277027,16.221056,10.159779
1692849719.647772,4.6762743,15.61163,10.9164715
1692849719.74763,5.48308,17.115303,10.459861
1692849719.848317,5.475527,16.045443,10.503696
1692849719.947634,5.3693814,16.34498,9.446429
1692849720.047868,5.4802275,17.164734,9.472392
1692849720.147689,3.8049173,11.402949,14.775695
1692849720.247694,5.8613157,18.947144,14.596618
1692849720.347758,5.033159,16.54059,10.843612
1692849720.447757,5.5150785,16.855162,9.174907
1692849720.547651,5.676417,18.410923,11.752082
1692849720.647729,5.221097,15.897017,12.67668
1692849720.747974,4.840955,13.5045595,8.9265175
1692849720.847834,5.0378256,15.682006,15.764882
1692849720.947679,4.637892,14.4809,13.162792
1692849721.047652,5.1995096,16.036966,13.138748
1692849721.147785,4.7790637,14.39603,13.305174
1692849721.247858,5.5582647,17.11452,8.78771
1692849721.347915,5.3585496,16.552683,10.803331
1692849721.447683,5.803054,19.042267,12.62194
1692849721.547678,5.709878,19.007126,15.698853
1692849721.647764,4.732434,14.263478,9.34763
1692849721.747725,4.2010207,12.673209,4.6747866
1692849721.847705,5.6486387,18.202547,12.459356
1692849721.947801,4.1793284,12.293228,10.913868
1692849722.047734,5.179053,16.509449,10.808562
1692849722.147598,5.835388,18.704845,15.341412
1692849722.247561,5.217253,16.525957,10.503254
1692849722.347858,5.2169313,16.224539,10.874135
1692849722.447848,5.2405553,16.455873,9.812369
1692849722.547821,5.607564,18.041355,12.891848
1692849722.647654,5.310425,16.415178,12.582881
1692849722.747658,5.567116,17.3635,13.1236
1692849722.847569,5.536369,17.5471,13.280441
1692849722.947631,5.09696,16.944038,11.600408
1692849723.04766,5.3191195,16.693893,11.512542
1692849723.147583,5.1335464,15.564963,8.773827
1692849723.247889,4.6725745,15.840997,9.497284
1692849723.347809,5.6052856,16.286589,13.654986
1692849723.4476,5.2200146,17.096865,17.829958
1692849723.547815,5.246749,16.643507,14.42779
1692849723.647598,4.2664814,13.821993,8.30891
1692849723.747741,5.1942005,16.30381,12.315468
1692849723.847683,5.221275,16.749233,10.210998
1692849723.947637,5.3316984,16.64152,14.196413
1692849724.047611,5.572405,18.234426,12.50019
1692849724.147682,5.3586206,17.158108,14.377532
1692849724.247581,5.389369,17.532011,13.586906
1692849724.347946,5.4687634,16.564297,11.585036
1692849724.447691,5.1704464,16.24085,8.497119
1692849724.547662,5.2205086,16.741657,11.3955765
1692849724.647604,5.43651,17.500896,14.622782
1692849724.747885,5.3784513,17.11451,15.400928
1692849724.847863,5.477713,16.70169,15.359655
1692849724.947893,5.310381,17.743586,12.827878
1692849725.047714,4.941516,15.581656,8.923211
1692849725.147657,5.6695585,17.976238,12.38384
1692849725.247643,5.529505,17.984228,14.491598
1692849725.347859,4.2043085,14.688957,8.897144
1692849725.447744,5.210844,16.674282,11.259161
1692849725.54769,4.2553697,14.493909,12.026075
1692849725.647945,2.7889333,7.5903583,9.328359
1692849725.747694,4.6514287,15.235052,11.167377
1692849725.847921,5.1709223,17.07245,15.600927
1692849725.947887,4.08963,13.345629,15.93065
1692849726.04765,5.2621922,17.580626,15.441433
1692849726.147739,4.2489247,12.399359,8.919106
1692849726.247824,5.1249127,15.435811,11.254098
1692849726.347176,4.7192616,15.780451,12.088409
1692849726.447735,3.496889,11.367698,7.2705956
1692849726.579427,5.348985,16.932144,12.625711
1692849726.67997,5.202306,15.504572,10.274351
1692849726.779781,5.762055,18.018867,16.643354
1692849726.879882,5.185817,15.976499,9.95117
1692849726.979807,4.7847347,14.506021,11.8202095
1692849727.080225,4.0295525,12.940705,18.603445
1692849727.179822,4.4623594,14.282832,10.846935
1692849727.280003,4.255399,12.30759,16.3879
1692849727.379836,5.403426,16.792871,8.738202
1692849727.479866,5.7442603,17.705498,16.521502
1692849727.579835,4.5472674,15.480075,15.815462
1692849727.67986,3.5334554,11.0495825,14.322324
1692849727.780198,5.393032,16.723322,14.799
1692849727.880607,5.403762,17.207886,16.838974
1692849727.97997,5.7230687,18.539728,18.750448
1692849728.08011,5.830415,19.141027,17.193989
1692849728.179866,5.6043296,17.999777,17.41124
1692849728.279749,5.486352,17.761953,14.299302
1692849728.379817,5.659476,17.609224,17.219692
1692849728.479488,5.6311083,18.006485,18.360872
1692849728.579632,5.9312477,19.31239,16.975624
1692849728.679654,4.5448227,16.062553,13.324621
1692849728.779689,5.9572225,18.765455,15.847786
1692849728.880028,5.520797,18.05509,14.746696
1692849728.979748,5.906462,18.404514,17.533297
1692849729.079706,5.01096,16.098648,13.236078
1692849729.179901,5.118327,17.547491,11.790091
1692849729.279679,5.9458284,18.864578,13.431843
1692849729.379627,5.7656274,18.289665,11.42781
1692849729.47956,5.28542,16.09081,11.511487
1692849729.579801,5.84029,18.560963,18.045301
1692849729.680046,5.950012,19.14904,16.703093
1692849729.779626,5.8608937,18.13124,16.497545
1692849729.879626,5.449842,18.139568,18.782389
1692849729.979628,5.468543,17.675774,18.704554
1692849730.079617,5.0104065,16.302586,17.302431
1692849730.179667,5.527922,17.4916,19.708542
1692849730.279953,4.8457136,16.063517,15.883466
1692849730.379692,5.193673,16.102755,12.92181
1692849730.479915,5.5270667,16.98865,11.716653
1692849730.579693,5.827762,17.9103,14.057174
1692849730.679674,5.195207,16.573935,15.011599
1692849730.779708,5.0353484,16.16905,17.470278
1692849730.879661,5.72767,19.015835,15.953901
1692849730.979715,5.8018956,19.133293,18.146252
1692849731.079941,5.805273,17.799877,17.518572
1692849731.179631,4.450716,14.621496,17.50139
1692849731.27978,5.617836,18.06105,16.452663
1692849731.379625,5.4819794,17.839132,16.916334
1692849731.479621,5.42486,16.858318,17.53752
1692849731.579608,5.5239906,18.434666,18.580597
1692849731.679699,5.4601364,17.532711,16.752672
1692849731.779636,5.355177,17.510973,18.80085
1692849731.879634,5.369021,17.10091,16.961187
1692849731.979785,5.4972086,18.338564,18.223295
1692849732.080013,5.1546926,15.940984,17.611792
1692849732.179793,5.236969,17.19188,18.174822
1692849732.280048,5.40263,18.303183,18.1498
1692849732.379615,5.4679694,17.199146,15.727852
1692849732.479629,5.378084,17.202032,11.48713
1692849732.579577,5.229594,16.670668,17.344877
1692849732.679712,5.3531756,18.235838,18.789043
1692849732.779686,4.419751,13.354389,12.202665
1692849732.879802,4.7187395,15.104574,9.535013
1692849732.979584,4.4659047,13.064725,10.825496
1692849733.079705,4.2442036,12.321958,6.8756127
1692849733.179681,4.715954,13.972937,10.483414
1692849733.279818,5.264937,17.15716,15.283976
1692849733.379845,4.597876,14.558403,16.02062
1692849733.479681,3.9453773,12.148311,13.505673
1692849733.579632,3.5652652,11.625558,16.309637
1692849733.679903,2.5153816,5.9466457,16.662462
1692849733.779673,4.6748505,15.556797,16.94281
1692849733.879773,4.012734,15.022924,19.132442
1692849733.979704,3.3516855,10.638759,13.103461
1692849734.080089,4.7482257,15.842387,16.222013
1692849734.179681,3.8863125,12.654409,13.955177
1692849734.279764,4.6476946,15.350329,17.684017
1692849734.379758,5.2160997,15.854682,12.366436
1692849734.480353,5.1340284,15.893056,16.167322
1692849734.57987,5.1468153,17.01492,17.196743
1692849734.67962,4.959816,16.305157,14.852587
1692849734.779613,5.4052963,17.321583,12.989989
1692849734.88412,5.357255,17.030458,12.268607
1692849734.979614,4.542678,15.077104,14.86327
1692849735.079772,4.980492,16.185617,18.353891
1692849735.179628,4.6996813,14.337891,12.938481
1692849735.280049,4.307989,14.376138,17.668552
1692849735.379456,5.014145,16.194061,16.031647
1692849735.479525,5.0284576,16.407589,15.476279
1692849735.579537,3.128391,9.126771,9.360405
1692849735.679699,4.5585403,15.136214,17.115751
1692849735.779166,4.787123,14.909105,8.1975975
1692849735.879691,4.255982,15.046346,17.976349
1692849735.979761,5.440201,17.803907,13.897578
1692849736.080602,3.6834042,11.677957,12.281207
1692849736.179621,4.171418,14.791684,18.001657
1692849736.279826,3.8311212,12.549722,14.9620695
1692849736.37957,3.3126178,9.437083,10.496111
1692849736.479579,2.9461734,9.600625,17.283457
1692849736.579681,4.3362565,15.15376,13.09321
1692849736.6795,3.3428876,11.852496,17.033648
1692849736.779207,3.3936534,11.884997,15.444127
1692849736.879715,3.6192203,12.955359,16.34865
1692849736.979665,4.39338,13.511058,15.767623
1692849737.079529,3.2825248,11.356999,17.194386
1692849737.179388,3.6229365,11.45258,14.674421
1692849737.279443,4.229604,13.8278475,12.609232
1692849737.379374,2.819746,9.263823,10.673075
1692849737.479308,3.5966992,11.737519,19.257687
1692849737.579784,3.1396277,11.766361,16.364763
1692849737.679703,4.03688,12.253761,12.152064
1692849737.77953,2.2853184,9.12215,17.947733
1692849737.879512,3.6792011,12.000405,12.209494
1692849737.979589,4.2094593,13.160573,16.445463
1692849738.079497,4.139186,13.242948,10.871232
1692849738.17961,2.5552826,8.144205,17.66767
1692849738.279416,4.3554573,12.730367,8.588293
1692849738.379676,4.7449117,14.061647,10.984425
1692849738.479696,4.4277167,14.423458,10.868855
1692849738.579672,2.9000242,8.491276,16.617428
1692849738.67958,3.1957045,9.71225,14.303374
1692849738.779649,4.307365,14.0754795,12.359653
1692849738.87942,4.1706457,12.702115,13.338313
1692849738.979526,2.7521107,8.393954,14.164099
1692849739.079679,4.0413013,13.907343,17.03882
1692849739.179467,3.036404,9.898081,16.639647
1692849739.279578,1.6953478,6.575216,15.086641
1692849739.379601,2.5641043,8.211399,17.324907
1692849739.47947,2.6438658,8.637042,18.474543
1692849739.579483,2.5561945,8.422869,18.571314
1692849739.679536,2.3412077,8.198317,18.85304
1692849739.779521,3.138877,9.761401,18.04807
1692849739.879484,2.4207103,7.9630294,18.801556
1692849739.979523,2.3699408,7.9913917,18.023087
1692849740.079809,2.3601508,7.990639,18.503345
1692849740.179531,2.1209326,7.354345,18.523338
1692849740.27949,2.309842,7.923943,18.780487
1692849740.379717,2.2807748,7.7409925,18.48026
1692849740.479414,2.4739606,7.7375627,16.514206
1692849740.579455,0.97446096,3.0128982,11.481586
1692849740.679507,2.0855622,6.7575316,16.941826
1692849740.779589,1.872958,6.1846886,18.404533
1692849740.879951,1.956773,6.5076084,17.083344
1692849740.979604,1.9256561,5.889371,18.329254
1692849741.079613,1.8523512,5.882907,17.965721
1692849741.182076,1.8846345,5.9918256,18.035788
1692849741.279499,2.2733092,7.250298,17.466747
1692849741.379575,1.9126896,6.280517,18.371483
1692849741.479471,1.6060772,5.2531095,18.81481
1692849741.579955,1.7834079,5.0450377,19.046984
1692849741.679726,2.056463,6.5125437,17.967104
1692849741.779552,1.8688468,5.625793,18.448921
1692849741.879661,1.9384912,6.1941433,19.17003
1692849741.97955,2.1662858,6.7666793,16.491837
1692849742.079602,2.3896298,6.86272,17.079035
1692849742.179577,1.7055502,5.33163,19.127617
1692849742.279564,1.449183,4.1050806,18.654606
1692849742.379631,1.9460392,6.2567577,18.613974
1692849742.479825,1.6168654,4.800338,18.407011
1692849742.579551,1.5990304,4.4865193,18.063192
1692849742.679647,1.6837231,4.175918,18.019035
1692849742.779655,1.3461586,3.8367593,18.777246
1692849742.879604,1.3886304,3.5790467,18.522142
1692849742.97946,1.4150857,3.7055979,18.13571
1692849743.079715,1.3579916,3.7188265,17.879349
1692849743.179604,1.4804478,3.774495,18.771328
1692849743.280111,1.3788847,3.4056714,18.750095
1692849743.37978,1.2862899,3.1113071,18.858494
1692849743.480065,1.3617243,3.6789496,17.81458
1692849743.580001,1.3391588,3.506587,18.93094
1692849743.679862,1.509945,3.1511018,16.559546
1692849743.779719,2.2365448,6.692764,15.441371
1692849743.87987,1.3086016,2.7837858,15.418575
1692849743.979844,0.9521477,1.9814801,18.065239
1692849744.079861,1.2752812,2.980666,18.127949
1692849744.179612,1.1650828,2.17732,16.97014
1692849744.279681,0.596803,1.284976,18.687138
1692849744.379678,0.9904657,1.6032243,18.65417
1692849744.479711,1.5554351,3.8252172,18.2645
1692849744.579671,0.6678532,0.9373192,18.57695
1692849744.679972,1.3303509,3.9234085,12.058678
1692849744.779621,0.82330734,1.6546607,18.534742
1692849744.879835,0.5014539,1.0068525,18.596527
1692849744.979619,0.2706539,-0.20494062,18.225145
1692849745.079711,0.6362947,1.43667,16.306501
1692849745.179827,1.180844,3.176071,15.971397
1692849745.279896,0.64137536,0.793622,17.137829
1692849745.379598,0.6070416,1.3491732,18.004778
1692849745.479771,1.4946184,3.5683115,11.742838
1692849745.579616,0.78091186,1.3537718,15.770906
1692849745.679881,0.4560668,0.51954687,18.689278
1692849745.779949,0.97219,1.9086633,18.13321
1692849745.879669,0.5662631,0.5089994,18.486633
1692849745.979622,0.5101456,0.2993209,18.505627
1692849746.079723,0.85277176,2.3631248,19.03545
1692849746.179825,0.6428517,1.1962513,18.526693
1692849746.280224,0.6509084,0.8759467,18.90211
1692849746.379736,0.03168105,-0.5510367,18.656902
1692849746.479863,0.31624842,-0.21918783,18.646662
1692849746.579746,0.019532192,-0.30797535,18.088308
1692849746.679599,0.7125567,0.9333319,18.53986
1692849746.779729,0.18058091,0.10718346,18.184582
1692849746.879969,0.24684787,-0.30364165,18.247168
1692849746.979829,-0.046089474,-0.87572426,19.020733
1692849747.079671,0.27196553,0.68439907,17.149103
1692849747.179684,0.3021409,0.19618545,18.23106
1692849747.279905,-0.044855077,-0.1445615,18.302132
1692849747.379604,0.15472949,-0.79862505,18.74661
1692849747.479609,0.23129712,-0.6896665,18.675783
1692849747.579611,0.17736767,-0.4189165,18.463573
1692849747.680209,0.05094851,-0.21026944,17.877075
1692849747.780051,-0.08433473,-0.95176715,18.829954
1692849747.879572,0.37716493,0.026834754,18.557781
1692849747.979653,-0.0054704584,-0.7103916,18.43397
1692849748.080102,0.09676047,-0.27890062,18.434217
1692849748.179651,0.15188357,-0.42556605,18.644468
1692849748.279651,0.11397846,-0.24490868,18.591654
1692849748.379661,-0.022860829,-0.8863178,18.110968
1692849748.479635,0.10896729,-0.53247494,18.701136
1692849748.579527,0.2144173,-0.5193151,18.845238
1692849748.679533,0.0064715706,-0.94601786,18.80367
1692849748.779798,0.08596082,-0.40193647,18.494497
1692849748.880006,-0.0599217,0.38954303,12.343807
1692849748.979788,0.022930104,-0.45486465,18.670004
1692849749.079593,0.20473999,-0.6605935,18.662329
1692849749.179599,0.18006486,-0.46295625,18.695732
1692849749.279681,-0.01977982,-0.52591115,18.461468
1692849749.379582,-0.07590656,-0.60724145,18.484392
1692849749.479642,0.10394676,-0.6633684,18.768253
1692849749.579988,0.26720592,0.32334426,17.501911
1692849749.679999,0.12633055,-0.49701622,18.762712
1692849749.779586,0.3085263,0.04677877,17.330658
1692849749.880052,0.090742946,-0.7646508,18.71678
1692849749.979627,0.28689346,-0.56670576,18.604391
1692849750.079659,0.09909758,-0.57329077,18.61235
1692849750.179729,0.30607638,-0.13462573,18.56162
1692849750.279705,0.092025325,-0.34534428,18.112415
1692849750.379586,0.124158666,-0.65738374,18.944677
1692849750.479886,0.20574676,-0.20984891,18.397373
1692849750.579719,0.21581432,-0.26410452,18.41369
1692849750.679662,0.22642162,-0.755488,18.504292
1692849750.779942,0.19189805,-0.69302446,18.75726
1692849750.87958,0.15581587,-0.42691737,18.702229
1692849750.979574,0.113636896,-0.28722513,18.556694
1692849751.079686,0.1754278,-0.4628714,18.652868
1692849751.179682,0.07261427,-0.69078064,18.626228
1692849751.280086,0.08249752,-1.0107421,18.743645
1692849751.379747,0.14319828,-0.87904334,18.063793
1692849751.479808,0.1425748,-0.37547737,18.480923
1692849751.579904,0.07557316,-0.49652264,18.517286
1692849751.679907,0.37747008,0.47493744,17.847904
1692849751.779685,0.05473185,-0.62807375,18.67956
1692849751.879718,-0.0532395,-0.6288787,18.747665
1692849751.980004,0.1754925,-0.64082146,18.712683
1692849752.079857,0.02365436,-0.5946283,18.679724
1692849752.179826,0.15662658,-0.3428994,18.567904
1692849752.279653,0.14243554,-0.7661012,18.6513
1692849752.379676,0.08712049,-0.74722046,18.801512
1692849752.479825,0.11077891,-0.4245601,18.622639
1692849752.57971,0.16663638,-0.39906564,18.860796
1692849752.680359,0.17447712,-0.33556736,18.745949
1692849752.780014,0.18746921,-0.10869974,18.268997
1692849752.879928,0.16163108,-0.4303484,18.69231
1692849752.979806,-0.05691604,-0.6919012,18.57162
1692849753.079731,0.1168665,-0.5916388,18.569195
1692849753.179763,0.2146302,-0.7037216,18.589312
1692849753.279696,-0.0034525655,-0.5548121,18.424694
1692849753.37967,-0.0040526055,-0.40348157,17.888035
1692849753.479709,0.1948193,-0.16570246,18.99831
1692849753.579609,0.17783917,-0.015210422,17.610893
1692849753.680238,0.002075728,-0.5309928,18.70641
1692849753.780061,0.37670714,0.48832068,18.231981
1692849753.879678,0.07630691,-0.058933422,18.259304
1692849753.979741,0.17565724,-0.30380026,18.169436
1692849754.079714,0.07366063,-0.4399549,18.64464
1692849754.179952,0.16106239,-0.60418826,18.988623
1692849754.279597,0.063076034,-0.18865867,18.045584
1692849754.379675,0.091562256,-0.7622693,18.608244
1692849754.479737,0.06709099,-0.49962226,18.769466
1692849754.579958,0.030137304,-0.327769,18.331318
1692849754.680594,-0.05764742,-0.6487189,18.486546
1692849754.779671,0.06505044,-0.49390557,18.63566
1692849754.880209,0.11649752,-0.36671886,17.966688
1692849754.979667,0.12418802,-0.089130625,17.723751
1692849755.079828,0.12872903,0.14189135,18.12251
1692849755.179696,0.3185288,0.02095784,18.649967
1692849755.280013,-0.14408888,-0.74489313,18.974257
1692849755.37963,-0.15146224,-0.5266817,18.8259
1692849755.479894,0.36646754,0.8968229,16.632442
1692849755.579099,0.4350072,0.17636347,17.737064
1692849755.679381,0.26847276,1.2837925,14.455311
1692849755.77927,0.45531893,0.1514362,18.416803
1692849755.879283,0.20519786,-0.53027135,18.161064
1692849755.979463,-0.013795983,-0.94028807,18.949934
1692849756.079933,0.32586807,-0.029210197,18.524895
1692849756.179504,0.16435206,0.024339525,18.338581
1692849756.311338,-0.021424208,-0.7501262,19.007996
1692849756.411319,0.3634193,-0.38909867,17.968035
1692849756.511663,0.09758833,-0.7396398,18.888094
1692849756.61156,-0.043399546,-0.5950799,18.505983
1692849756.711406,1.3081875,3.1478195,16.300713
1692849756.814016,0.2152797,-0.19927347,18.972708
1692849756.911547,-0.0089943595,-1.0380661,18.590256
1692849757.011443,-0.15028688,-1.1843092,18.827374
1692849757.11141,-0.055162404,-0.7567774,18.220682
1692849757.211392,0.06464851,-0.54462606,18.126865
1692849757.311405,-0.15179098,-1.0546918,18.420439
1692849757.412001,-0.196883,-1.3793378,18.635658
1692849757.512039,-0.2601977,-0.9668306,18.695404
1692849757.611969,-0.25095502,-1.2755864,18.728216
1692849757.712233,-0.17787772,-0.9587548,18.742819
1692849757.816509,-0.18012679,-1.5281755,18.559353
1692849757.916433,-0.2215726,-1.2873365,18.661482
1692849758.016403,-0.09973553,-1.401745,18.650675
1692849758.113787,-0.20449269,-1.2428957,18.730846
1692849758.21166,0.0066625886,-1.2438468,18.735603
1692849758.311683,-0.011306975,-0.6976124,17.946184
1692849758.41321,-0.17938775,-1.3280267,18.948088
1692849758.511381,-0.21359229,-1.0288342,18.663626
1692849758.611604,-0.21226218,-1.0974053,18.700542
1692849758.711556,-0.038572367,-0.446182,18.42648
1692849758.811504,-0.23892221,-0.9246984,18.692438
1692849758.911619,-0.21797058,-0.7438194,18.563517
1692849759.011625,-0.013271887,-1.0243322,18.447802
1692849759.111493,0.024601463,-0.8811744,18.212572
1692849759.211657,-0.19721186,-1.2276651,18.542267
1692849759.311641,-0.072002426,-0.8545172,18.63729
1692849759.411751,-0.32898456,-1.4854214,18.975521
1692849759.511337,-0.13928601,-1.1932768,18.72736
1692849759.611555,-0.12984222,-0.9384187,18.697733
1692849759.711424,0.03990997,-0.5671518,18.232828
1692849759.811549,-0.06599368,-0.9206091,18.462973
1692849759.911539,-0.08259833,-0.78772014,18.397753
1692849760.011476,-0.11153221,-1.1689845,18.825348
1692849760.111704,-0.1352894,-0.89621085,18.729362
1692849760.211856,0.0043429546,-1.175572,18.82271
1692849760.311489,-0.0888522,-1.0844826,18.824806
1692849760.411584,-0.043100286,-1.0346512,18.813501
1692849760.511489,0.054189812,-1.5205988,18.962286
1692849760.611429,0.011894751,-0.7797647,18.757069
1692849760.711699,-0.07851045,-1.1510543,18.869066
1692849760.811761,-0.22081523,-0.97755283,18.5105
1692849760.911536,-0.02426121,-0.68391603,18.312778
1692849761.011549,0.04001746,-0.90360826,18.599775
1692849761.111544,0.0010728948,-0.7606297,18.657835
1692849761.211416,-0.032777395,-1.0761163,18.76738
1692849761.311141,-0.009993803,-0.7698125,18.556162
1692849761.411571,0.066428155,-1.157055,18.927351
1692849761.511517,-0.0049266852,-0.6372803,18.061085
1692849761.61167,0.19528884,-0.7878216,18.617493
1692849761.71173,-0.011289623,-0.99747187,18.183193
1692849761.811648,-0.036675345,-1.0975932,18.819914
1692849761.911589,0.021160524,-1.2360032,18.577532
1692849762.011643,0.09150155,-0.9808406,18.755219
1692849762.111621,0.023328777,-0.9959915,18.7468
1692849762.21163,0.15644002,-0.99606794,18.558329
1692849762.311518,0.039573435,-0.90937525,18.720745
1692849762.411701,0.19986606,-0.54085326,18.599226
1692849762.511962,0.0638496,-0.97391814,18.710787
1692849762.611851,0.017317202,-1.3315257,18.673819
1692849762.711574,0.10905458,-1.2423147,18.848072
1692849762.811594,-0.065451086,-1.3044249,18.635698
1692849762.911583,-0.002052281,-1.0786016,18.25453
1692849763.011999,-0.1357249,-1.6170665,18.817053
1692849763.111487,-0.005091097,-1.4513563,17.730793
1692849763.211648,-0.14136095,-1.3428396,18.5344
1692849763.31162,-0.045856413,-1.5069572,18.731205
1692849763.411656,-0.024522778,-1.6201539,18.636843
1692849763.511598,-0.34608805,-1.9263324,18.385944
1692849763.611573,-0.18151577,-2.0683856,18.867188
1692849763.711501,-0.18388587,-1.9279081,18.73539
1692849763.811703,-0.12595248,-2.0726516,18.869576
1692849763.911591,-0.13978603,-1.8322034,18.725643
1692849764.011637,-0.24247316,-1.9919201,18.630724
1692849764.111606,-0.20737189,-2.27181,18.79026
1692849764.211652,-0.11817479,-2.1553628,18.643293
1692849764.311587,-0.17407417,-2.05289,18.619125
1692849764.411718,-0.35200405,-2.3057659,18.720114
1692849764.514286,-0.36014608,-2.349242,18.8652
1692849764.611827,-0.54513764,-2.2671819,18.670755
1692849764.711486,1.7570863,5.34606,14.186417
1692849764.811097,-0.6395328,-2.155473,18.69968
1692849764.911816,-0.661556,-2.3351877,18.77893
1692849765.011712,-0.55938184,-2.219865,18.803774
1692849765.111616,-0.62832755,-1.9773067,18.876862
1692849765.211418,-0.6865119,-1.7066315,18.919086
1692849765.311522,-0.39989582,-1.6252315,18.771166
1692849765.411408,-0.9362931,-1.981577,18.689323
1692849765.511432,-1.2169974,-2.2374132,18.706581
1692849765.611541,-1.3126503,-1.9323229,18.787252
1692849765.711517,-1.0588316,-2.0506747,18.815659
1692849765.847507,-1.4026293,-1.5806985,18.00908
1692849765.947294,-1.3282733,-1.7187419,18.604727
1692849766.047198,-1.1904799,-1.4487606,18.449297
1692849766.147567,-1.5508295,-2.094791,18.316624
1692849766.247408,-1.5698644,-1.8742664,17.867346
1692849766.347713,-1.5565976,-1.307751,18.406576
1692849766.44806,-1.4462345,-1.5778819,18.303726
1692849766.547674,-1.4566232,-1.6378814,18.408009
1692849766.647445,-1.1893066,-1.7719411,18.673706
1692849766.747512,-1.4289804,-1.7556673,18.613941
1692849766.8476,-1.1844039,-1.7852376,18.553877
1692849766.947542,-1.0367011,-1.9498044,18.813768
1692849767.04777,-1.1424794,-2.0473335,18.777828
1692849767.148119,-0.7188087,-1.8510575,18.104969
1692849767.247878,-0.674046,-1.8839462,18.73017
1692849767.347831,-0.6035197,-1.9210184,18.69656
1692849767.447754,-0.5318333,-2.3050468,18.703821
1692849767.548022,-0.35074902,-2.300782,18.683996
1692849767.64768,-0.2646228,-2.1138117,18.633236
1692849767.747643,-0.20152815,-2.0401556,18.591103
1692849767.847542,0.18058982,-2.0976224,18.77912
1692849767.947628,0.32552293,-2.2335532,18.796144
1692849768.04769,0.7232423,-2.177727,18.54384
1692849768.147646,0.57736176,-2.2837803,18.70958
1692849768.247647,0.33890054,-2.484997,18.878107
1692849768.347547,0.9080685,-2.308858,18.577625
1692849768.447527,0.5265067,-1.8251421,18.860132
1692849768.547714,0.6610501,-1.6116012,18.79051
1692849768.64755,0.9255817,-2.595033,18.90308
1692849768.747712,1.1998154,-1.4833798,18.777496
1692849768.847869,1.3144974,-2.099585,18.806402
1692849768.947592,0.931545,-2.0783305,18.865854
1692849769.047614,1.2036592,-2.0636115,18.776543
1692849769.147773,0.96707237,-2.1385336,18.697657
1692849769.247676,1.1007959,-2.3578398,19.038198
1692849769.34763,1.1911161,-2.1597831,18.757856
1692849769.44758,0.9737029,-2.2963204,18.994295
1692849769.547633,0.7462882,-2.2717364,18.92915
1692849769.647705,0.8614329,-1.8217298,18.89651
1692849769.747575,0.7531393,-2.3225327,18.84588
1692849769.847554,0.1274902,-2.5893571,18.944912
1692849769.94763,0.23534217,-2.353174,18.837698
1692849770.047461,0.25809363,-2.2426717,18.93165
1692849770.147588,0.3100842,-2.2979374,18.716248
1692849770.247642,0.17101339,-1.8683336,18.86795
1692849770.348003,-0.034571875,-2.1258266,18.809153
1692849770.447752,0.08198637,-2.1382666,18.857557
1692849770.547632,0.18328486,-1.8662835,18.688478
1692849770.647597,-0.043988254,-2.2264507,18.742685
1692849770.747614,-0.17959204,-1.8217477,18.767088
1692849770.847693,-0.15535922,-1.2055718,18.482964
1692849770.947714,-0.0661695,-1.427898,18.261528
1692849771.047615,-0.21278615,-1.7020463,18.694918
1692849771.148023,-0.26867563,-1.5222216,18.470999
1692849771.247886,-0.38129973,-2.0536132,18.73858
1692849771.347587,-0.38009477,-2.0464537,18.792595
1692849771.44766,-0.60928524,-2.7636883,18.86365
1692849771.54765,-0.5651782,-2.5072374,18.80606
1692849771.647631,-0.55859506,-2.5225964,18.841373
1692849771.747754,-0.832303,-3.1134982,18.77579
1692849771.847754,-1.0077153,-2.694507,18.944256
1692849771.947668,-0.77007055,-2.879531,18.678934
1692849772.047831,-0.5358975,-2.6513853,18.840687
1692849772.147694,-0.49719226,-3.1782107,18.843729
1692849772.247612,-0.80051047,-3.149721,18.656424
1692849772.347705,-1.0173209,-3.3646238,18.823866
1692849772.447699,-0.78111184,-3.3465838,18.710375
1692849772.548023,-0.9280165,-3.233619,18.817026
1692849772.647667,-0.8679935,-3.5387702,18.952892
1692849772.747747,-0.8014822,-3.5524955,18.756935
1692849772.847808,-0.7266112,-3.2725863,18.745384
1692849772.947722,-0.77199453,-3.4489791,18.655006
1692849773.047872,-0.7777935,-3.5003893,18.915482
1692849773.147643,-0.42139208,-2.5729105,18.518494
1692849773.247587,-0.85040236,-3.3910573,18.53588
1692849773.347668,-0.5609926,-3.5472991,18.859724
1692849773.447603,-0.6040494,-2.262763,18.11205
1692849773.547628,-0.16155933,-0.7858383,17.118855
1692849773.647912,-0.7574672,-3.456404,18.533136
1692849773.747976,-0.49016935,-2.8827763,18.920895
1692849773.847575,-0.21734896,-1.494541,18.753885
1692849773.94779,-0.04634622,-1.798323,18.565367
1692849774.048158,-0.38814348,-2.542469,18.925186
1692849774.147695,-0.4548001,-2.961455,18.999952
1692849774.247909,0.31388918,0.17300735,17.491896
1692849774.347688,-0.31219268,-2.6718838,18.733324
1692849774.44792,-0.24268243,-2.513962,18.732325
1692849774.547861,-0.17128849,-2.0403745,19.01258
1692849774.64781,-0.21748164,-2.2251916,18.72682
1692849774.74778,-0.18186665,-2.2266476,18.793537
1692849774.84764,0.06668238,-1.5891602,18.633787
1692849774.947947,0.36471206,-0.7485501,18.83352
1692849775.047548,0.029894095,-1.499583,18.762308
1692849775.14757,0.10731426,-1.2443798,18.63648
1692849775.247772,0.044084605,-1.5633873,18.746714
1692849775.348039,0.10634127,-1.4034601,18.73308
1692849775.447978,0.19438995,-1.609384,18.87635
1692849775.547616,0.014372978,-1.6298479,18.903608
1692849775.647571,0.1433834,-1.1582536,18.761616
1692849775.747631,0.27804577,-0.877431,19.070675
1692849775.847362,0.31467327,-1.0169616,18.884335
1692849775.947751,0.2998246,-1.0695146,18.664656
1692849776.047756,0.21412084,-0.9751058,18.559572
1692849776.147873,0.37295315,-0.79218847,18.770971
1692849776.24747,0.34122464,-0.6910249,18.7566
1692849776.347443,0.5657577,0.09184119,18.694983
1692849776.447398,0.58717585,-0.5728516,18.796732
1692849776.547356,0.4309128,-0.6057922,18.823616
1692849776.647633,0.47933483,-0.4576188,18.65513
1692849776.747429,0.5414506,-0.73813605,18.775911
1692849776.847675,0.4866433,-0.45502135,18.82247
1692849776.947668,0.5399158,-0.51466733,18.922733
1692849777.047592,0.40197167,-0.6485902,18.719046
1692849777.147869,0.3072961,2.1841633,16.386274
1692849777.247513,0.72800386,-0.16425945,18.08905
1692849777.347688,2.303807,5.1372805,16.576616
1692849777.447389,1.206898,2.2046564,17.57273
1692849777.547614,1.5653442,3.4195838,16.472696
1692849777.647897,1.0356951,1.8826991,17.633732
1692849777.747667,1.6897101,4.396523,16.670979
1692849777.847496,1.088301,1.1046907,18.098488
1692849777.947747,1.1002526,1.7085074,17.718689
1692849778.047396,1.0983089,1.9892409,18.84257
1692849778.147413,1.8143097,3.0883539,17.54975
1692849778.247524,0.97932136,1.0724604,18.496494
1692849778.347492,1.1877427,1.7055646,17.348825
1692849778.447659,1.6950209,3.467091,15.922571
1692849778.547626,1.6239592,3.2603638,17.214342
1692849778.647562,1.3564848,2.0579877,16.539114
1692849778.747734,1.4422812,2.6864483,18.249975
1692849778.848042,1.7204962,2.7885776,18.110603
1692849778.947881,1.3964696,2.3933678,18.462917
1692849779.047325,1.1465776,1.9321389,17.362337
1692849779.147511,1.3138019,2.4368799,17.655823
1692849779.247712,1.3670291,2.4337926,17.927643
1692849779.34753,1.1399009,2.3294,17.459517
1692849779.447496,0.85662484,0.30283612,18.598776
1692849779.547694,1.3670479,2.712542,17.846172
1692849779.647402,1.724783,3.9744928,17.113514
1692849779.747537,0.9908069,1.433925,16.566156
1692849779.847363,1.4857397,3.7946248,14.645395
1692849779.947398,1.0604241,2.443622,14.080402
1692849780.04766,1.0423317,1.528275,15.865269
1692849780.147653,1.246031,3.0199313,15.127936
1692849780.247742,1.5265238,3.6773922,16.972115
1692849780.347929,1.4634743,4.3497324,16.240088
1692849780.447679,1.294647,3.1807218,16.376162
1692849780.547512,1.7873969,4.442142,16.767359
1692849780.647302,1.6354636,4.373383,17.87701
1692849780.747596,1.2994835,3.7278426,15.995086
1692849780.847794,1.3576477,2.956405,16.384687
1692849780.947504,1.4673784,4.521734,16.667841
1692849781.079556,1.5611125,4.2588687,16.59836
1692849781.179796,1.4503382,3.989306,16.624693
1692849781.279467,1.4602767,3.8732934,16.608582
1692849781.379634,1.3076528,3.6755843,12.9881
1692849781.479909,1.5008454,4.6659737,15.799901
1692849781.579397,1.8237364,4.6843233,15.420048
1692849781.679955,1.8343277,5.3257947,16.070627
1692849781.779852,1.6885896,4.561893,16.241587
1692849781.879586,1.7329859,4.44745,16.370462
1692849781.979772,1.0995779,3.2056503,16.575655
1692849782.07972,1.648544,4.844388,16.25097
1692849782.179481,2.18398,5.442194,15.015898
1692849782.279475,1.6310921,4.213043,15.771388
1692849782.379526,1.5841354,5.1423616,15.776838
1692849782.479774,1.5826389,4.094373,15.691922
1692849782.579641,1.7715211,5.0579634,15.162294
1692849782.679701,1.8675622,5.2977076,15.909283
1692849782.77962,1.6822027,4.691779,15.752726
1692849782.87948,2.4559648,6.9741054,12.50797
1692849782.979507,1.6843491,4.121233,17.186274
1692849783.07971,1.8487115,5.0923386,16.057917
1692849783.179776,1.9583554,5.818965,14.477296
1692849783.279732,2.0154808,5.9393964,15.014827
1692849783.379547,1.7875208,5.2769136,12.808945
1692849783.479568,2.0369394,5.9840927,14.906905
1692849783.579537,2.1000786,6.1509523,15.434997
1692849783.679783,2.1057198,6.148573,15.232688
1692849783.782498,2.2569852,6.64683,15.001944
1692849783.879569,2.1754363,6.2578545,15.283927
1692849783.979413,2.1165187,6.264825,14.767351
1692849784.079639,2.2612681,6.673211,14.836962
1692849784.179612,2.3174198,6.683622,14.894043
1692849784.279615,2.3293703,6.817861,15.01436
1692849784.379581,2.1764226,6.5245595,14.883474
1692849784.479703,2.173145,6.407451,15.013259
1692849784.579616,2.288825,6.856726,14.353455
1692849784.679511,2.1437485,6.439193,14.283848
1692849784.780953,2.2139587,6.561863,14.479157
1692849784.880378,2.1852615,6.361187,14.7558365
1692849784.979538,2.0571895,5.993902,14.17127
1692849785.07949,2.2836204,6.8210373,14.33485
1692849785.179399,2.21254,6.508983,14.455633
1692849785.27946,2.2333326,6.585305,13.935015
1692849785.379647,2.3759258,7.2178,14.154389
1692849785.479709,2.1618564,6.62249,13.496
1692849785.579502,2.1227825,6.211473,13.833274
1692849785.679758,2.1321492,6.293728,12.965355
1692849785.779555,2.2597184,6.7315245,13.604509
1692849785.879469,2.1971302,6.6371713,13.222506
1692849785.979452,2.2770464,6.5449305,13.088952
1692849786.079552,2.2132046,6.3823752,13.343258
1692849786.179778,2.1612728,6.2941585,13.316783
1692849786.27944,2.1600711,6.6169534,13.257662
1692849786.379606,2.2420466,6.9069724,12.901476
1692849786.479661,2.1157737,6.298031,12.541189
1692849786.579754,2.2603443,6.749422,12.469708
1692849786.679842,2.1058438,6.442393,12.640278
1692849786.779989,2.125131,6.2312474,12.12826
1692849786.879515,2.1655412,6.5039964,12.180283
1692849786.979469,2.2925072,7.098224,12.038702
1692849787.079302,2.3400156,7.0508018,12.092425
1692849787.179514,2.3211849,6.860537,11.863863
1692849787.279714,2.2095098,6.735516,11.598008
1692849787.379507,2.1109035,6.23426,11.136646
1692849787.479561,2.019962,6.0403886,12.672695
1692849787.579471,1.8788037,6.1169057,11.119545
1692849787.679488,2.548688,7.4672155,10.835589
1692849787.779881,2.3891883,7.0760164,10.953142
1692849787.879842,2.6463892,7.1843796,11.061398
1692849787.979503,2.2827804,7.0382195,11.477521
1692849788.07972,2.2931054,6.8685627,11.12078
1692849788.179466,2.363057,7.1474385,11.079486
1692849788.279809,2.1504686,6.215253,11.568241
1692849788.379488,2.2721674,6.707123,9.4889
1692849788.479567,2.2892513,7.0866685,9.98076
1692849788.579162,2.9046655,8.052078,10.91622
1692849788.679224,2.6441975,8.294347,10.79541
1692849788.779633,2.6193786,7.6549406,9.833286
1692849788.879812,2.3540828,7.84901,9.924838
1692849788.979203,2.017225,6.681099,11.310747
1692849789.07939,2.7946641,8.880198,9.909543
1692849789.179349,2.7753956,8.947715,9.545276
1692849789.279652,2.6156774,8.527307,10.351231
1692849789.37961,1.9137849,6.5862813,9.661215
1692849789.479575,2.200045,7.045966,10.477549
1692849789.579892,2.2142282,7.872025,8.294711
1692849789.679478,2.3565347,7.527182,9.819295
1692849789.779528,2.6102917,9.018006,9.574065
1692849789.879368,2.8542674,9.295735,9.257563
1692849789.979317,2.5771177,8.815125,9.617365
1692849790.079395,2.9071658,9.676733,8.99395
1692849790.179408,2.8078434,9.77536,8.157543
1692849790.280073,2.277768,8.515454,8.197748
1692849790.379372,2.366447,8.780279,8.701114
1692849790.479515,2.300795,8.512982,9.166433
1692849790.579294,2.8297584,10.027298,8.072486
1692849790.679361,2.2726512,8.833177,9.562951
1692849790.779828,2.1233969,8.381256,8.633323
1692849790.879418,2.3450286,8.345522,7.8626933
1692849790.979298,2.2477748,8.890263,7.8133464
1692849791.079341,2.4016376,9.167266,8.096004
1692849791.179282,1.8040581,6.719358,8.619602
1692849791.311776,4.2787313,13.56763,7.551193
1692849791.411581,3.333182,11.881518,7.6176248
1692849791.511655,2.879436,11.53511,7.224676
1692849791.611672,3.3084898,11.789728,7.7400045
1692849791.71141,3.2509046,10.995279,7.593477
1692849791.811605,4.038794,12.533072,7.7686267
1692849791.911382,3.0234687,11.170694,6.941516
1692849792.011741,3.3974106,11.74297,7.0438857
1692849792.111821,2.4907677,8.880875,7.4410205
1692849792.211739,2.912241,10.393582,7.3092628
1692849792.311649,2.4155402,8.94925,7.911613
1692849792.411877,2.6229956,9.154235,6.4477444
1692849792.511849,2.9385874,10.328879,5.5181813
1692849792.612066,2.9620514,10.378883,9.115762
1692849792.711636,2.8792093,10.520926,7.130566
1692849792.811753,3.728164,12.68902,7.03191
1692849792.911647,3.4711127,11.689041,8.399296
1692849793.011698,2.7265358,10.749417,6.8708854
1692849793.111723,2.8499596,10.092572,6.7826633
1692849793.211136,2.5466483,10.25054,5.681176
1692849793.311507,2.9025807,10.394663,4.387738
1692849793.41154,3.3554506,10.286422,8.826624
1692849793.511438,3.1322057,10.381384,8.922832
1692849793.611642,2.9750543,11.031188,5.0883365
1692849793.711795,3.1296449,10.743727,6.437528
1692849793.811423,3.8681762,12.869053,8.347973
1692849793.911338,2.9914696,10.117593,6.1459
1692849794.011329,3.7370636,12.074631,6.962482
1692849794.111598,3.2514231,12.061026,4.3832645
1692849794.211464,3.5707328,12.481378,5.923857
1692849794.311572,3.4873667,11.542832,4.6739597
1692849794.411667,3.3084927,11.583664,4.9740543
1692849794.511586,3.4963832,12.261268,3.8077204
1692849794.611441,3.0370498,10.675662,4.663443
1692849794.711471,2.6792972,10.970905,5.112592
1692849794.811363,3.1570022,11.832331,5.38719
1692849794.911488,3.9529815,13.135321,7.532841
1692849795.011689,3.2867365,10.869671,4.2408295
1692849795.111519,3.135483,10.926489,3.2664514
1692849795.211653,3.1159155,11.17632,3.4574256
1692849795.311592,2.9527273,11.0114565,2.7956326
1692849795.411635,3.1522746,11.020886,5.209436
1692849795.511409,4.123883,12.55686,4.97155
1692849795.611563,3.6150424,11.475065,3.9344485
1692849795.711406,3.5499537,12.465504,4.8049164
1692849795.811537,3.8522842,11.49246,7.553231
1692849795.911396,3.385891,11.249003,3.380308
1692849796.012415,2.837508,10.251496,2.220864
1692849796.111781,3.8533044,12.830209,6.1754336
1692849796.21148,4.629075,13.313755,12.092994
1692849796.311525,3.3935902,12.308887,3.6512551
1692849796.411418,4.3257475,13.667512,10.959839
1692849796.511525,5.059587,15.851684,10.487961
1692849796.611412,3.4315934,11.379105,2.0873594
1692849796.711382,4.7043495,15.041217,7.8456264
1692849796.811635,3.6532223,11.979127,2.3350859
1692849796.911694,5.055198,15.527565,7.609747
1692849797.011472,2.6421092,10.534781,2.2349012
1692849797.111418,4.6390777,14.645898,8.603519
1692849797.211437,2.864832,10.645263,2.1734922
1692849797.311784,3.9662783,12.369091,2.9305143
1692849797.412113,3.8757308,15.182751,7.014716
1692849797.511777,4.7537584,14.486729,8.355245
1692849797.611933,2.6675298,10.8119135,1.9157127
1692849797.711831,3.204069,11.3422365,1.3632982
1692849797.811711,3.2484608,11.22554,2.385359
1692849797.911743,4.542232,15.283257,6.097724
1692849798.01172,3.0354502,11.838686,2.5272543
1692849798.111802,5.205383,16.47921,12.638025
1692849798.211686,3.5146534,11.883281,2.0989816
1692849798.311716,3.2129185,11.75091,2.6428862
1692849798.411681,4.2102304,12.965329,13.152588
1692849798.511751,2.4954371,10.189339,1.970289
1692849798.612534,5.198833,16.314363,11.943543
1692849798.711713,3.2582328,10.67397,1.6430546
1692849798.811717,3.624199,13.46515,5.82467
1692849798.911771,3.4456997,12.190295,2.0728765
1692849799.011722,3.6456597,12.153491,8.91943
1692849799.111649,3.2058556,10.576038,3.3090281
1692849799.211715,5.33917,15.738179,9.082816
1692849799.311761,3.9319336,12.133575,13.815494
1692849799.411767,3.9546528,12.40602,3.295326
1692849799.511631,3.0571651,11.237049,1.6288568
